GC	GC3	GCflank	RecGene.HapMap22	F_PGC_17W	Exp_Meiosis	H_Mean	GCi
GO:0000045.concat.fa	0.512759102443475	0.560345564964503	0.479462675595272	0.545202176888205	71.7095279510172	56.017302792844	40.3250776346708	0.462939883829287
GO:0000079.concat.fa	0.490735948659559	0.532760583790498	0.46873156181918	0.396901439250251	174.123421345775	103.65559196782	39.2127009758395	0.43745649544196
GO:0000082.concat.fa	0.495792154582953	0.5435595050245	0.469408338312551	0.466061816829669	180.520394483708	120.393303158426	63.9517258906645	0.443955433929769
GO:0000086.concat.fa	0.489144879874087	0.522947325874074	0.472842145335813	0.43340562114895	129.997461625274	106.691283758574	84.1777179265873	0.437720028169631
GO:0000122.concat.fa	0.549630025232589	0.610174974443401	0.478808355416969	1.1726060987066	53.7339640764625	39.7725750455938	28.5167770009066	0.462879901776264
GO:0000165.concat.fa	0.510276660043745	0.56953233265991	0.471856236274401	0.934731955320321	27.669284423627	20.0595751028893	14.7628863399367	0.439553373309334
GO:0000183.concat.fa	0.538883702509265	0.59798014088093	0.457047045826194	1.10747290163795	54.3509501370755	43.3967988343758	40.470177829036	0.463508250271671
GO:0000184.concat.fa	0.505163826562057	0.551146869221928	0.484603082959928	0.398551390915036	621.464405309975	361.101204043279	105.090697795732	0.455579381410085
GO:0000186.concat.fa	0.502339900525221	0.546794142900239	0.466620318479039	0.792289028380479	22.328342002555	17.0599036157005	12.3766772748882	0.429516232528399
GO:0000187.concat.fa	0.517656394656791	0.586709576922512	0.469260916214517	0.958247251245426	72.0950192147812	47.8832139798697	28.4834453707423	0.445113258377606
GO:0000209.concat.fa	0.492235398796035	0.516147868036536	0.468999524287479	0.60095152361245	142.540072529131	104.752263005536	69.2206389165376	0.425353375930797
GO:0000226.concat.fa	0.528233649842226	0.565796867570566	0.475784749310544	0.635261116954599	81.226555322645	58.9113976234306	38.6892367183307	0.453280618173722
GO:0000278.concat.fa	0.474849810837511	0.494031257503485	0.467816249112134	0.342242344078107	127.651120720675	96.890695834307	67.3016299606655	0.429520504828589
GO:0000288.concat.fa	0.501923798798799	0.518932995495496	0.469148964677689	0.189926087415541	165.803790453082	129.858446768634	95.7495151677452	0.442926968074867
GO:0000302.concat.fa	0.545678519110401	0.640231721933679	0.480031131448657	1.13676151285125	58.1929936777731	35.237559490675	12.3643912954688	0.481761742223857
GO:0000398.concat.fa	0.501548595202923	0.518957802564816	0.475471117846685	0.438401710441335	137.752528288705	105.117721716658	72.5146294129985	0.441580215180655
GO:0000413.concat.fa	0.472999349381913	0.485715975631395	0.461893916782379	0.375724090652977	78.6469094113728	55.8305790302864	32.4565662078682	0.434738743100547
GO:0000723.concat.fa	0.485137980715948	0.520336916768259	0.468677039188522	0.549392962672346	93.2949244934965	60.6530481665658	28.5399363313102	0.437795626422955
GO:0000724.concat.fa	0.465939423241572	0.461427440312567	0.465664311035748	0.323419826883754	64.3513126243874	46.4344504502747	28.9663903772738	0.421084754712512
GO:0000902.concat.fa	0.520009984861661	0.579935259445357	0.468336804963089	1.08032113537757	43.1246127857951	35.4981185033216	32.0110543710067	0.440169818707438
GO:0000910.concat.fa	0.495093666369313	0.535360293388839	0.471008967164069	0.523288638616315	61.6179562981918	50.4641573757967	39.3103584534017	0.431475419033254
GO:0001501.concat.fa	0.567916433127819	0.618604371847226	0.477561415668642	1.69784647578201	29.3048873111301	16.6706926598312	7.53462894942419	0.468003153124372
GO:0001503.concat.fa	0.549438785227803	0.583866963529249	0.465914593133185	1.48275258605403	15.3909741813961	9.75821258556124	7.04472942228057	0.451307582295975
GO:0001523.concat.fa	0.547796795338674	0.644596686088857	0.469041038593604	1.68850427439913	4.39889820025454	3.49821082176744	2.98719414842831	0.481301713228046
GO:0001525.concat.fa	0.554869386216694	0.637711510026027	0.474241842897018	1.671817368474	25.1453823903608	18.1601159490358	12.3546642704192	0.472335302752834
GO:0001541.concat.fa	0.565377137301996	0.62995367987648	0.474880751186328	2.29380020157832	51.3986600366904	26.563701732442	7.9805276048986	0.479678818042187
GO:0001558.concat.fa	0.537127727345119	0.581243032329989	0.473283403656821	1.13295365107039	23.2313378245505	19.8255178153108	17.9862583547502	0.456681534415116
GO:0001568.concat.fa	0.564306100606493	0.602189618266143	0.477893370782397	1.16279607970738	26.6722107742691	18.0322981719901	10.3366228791379	0.466168406761786
GO:0001570.concat.fa	0.54211437931548	0.607204156967859	0.473630729322623	1.66196427546966	46.2996951776404	29.0060833952886	12.7693112857642	0.45871913147664
GO:0001649.concat.fa	0.539336376350531	0.600627045968002	0.469745399878977	1.58953829652314	55.3464956880036	35.7163532609498	21.2536569163696	0.463239639874893
GO:0001656.concat.fa	0.52989449003517	0.584642438452521	0.477386705917164	1.3264312465807	44.3580114397119	23.9804448883038	8.04353687420737	0.438906034911382
GO:0001657.concat.fa	0.548881779540095	0.631054837110801	0.471112907132742	1.57583168116073	14.2406259089482	8.96371175745931	4.94664094718648	0.443720252855214
GO:0001658.concat.fa	0.561829526941874	0.624012541112102	0.482231526111483	1.3481589831863	9.63926045833385	7.27203377137914	5.73296148999896	0.460325409776297
GO:0001666.concat.fa	0.533409253264706	0.621694568735933	0.479429586743173	1.51723874801616	36.8004324072789	24.6174698008268	14.9364736995487	0.461268532091452
GO:0001701.concat.fa	0.523669387319506	0.567661802823573	0.480348534148924	0.960928007047473	35.4456372401311	26.7836052916885	19.5478918165166	0.443275045354484
GO:0001756.concat.fa	0.533761057645572	0.601633129192184	0.477088333249742	0.895122913385827	33.465330906996	21.2324414285376	10.7416229815459	0.449106825543982
GO:0001764.concat.fa	0.53065484237279	0.592851349159141	0.466458355609943	1.19538847455794	38.4277430080671	35.0274032504737	34.9696221399396	0.445590881174042
GO:0001822.concat.fa	0.534814783144678	0.593221244802634	0.472012553328827	1.47707626366814	17.5738196445271	15.78438880753	15.5314640956087	0.44769716277887
GO:0001837.concat.fa	0.569201232446158	0.670305169771007	0.48655835414228	1.56219786334711	33.2075063430735	27.5152823475582	23.9301612963836	0.504687835147663
GO:0001843.concat.fa	0.530379321920107	0.589518521542691	0.476335846486283	0.915336641626521	42.0495066467051	31.0041045230184	20.0920348487571	0.456703374201087
GO:0001889.concat.fa	0.53730806028399	0.604123447668305	0.469359098932487	1.12772212907443	26.7471500243592	21.9165084072536	18.4935000965034	0.457283483035809
GO:0001890.concat.fa	0.517914289689718	0.568526506191735	0.475401111956567	1.3018914766539	94.2906191929532	56.3786662741054	24.9412396627186	0.445878734942827
GO:0001932.concat.fa	0.52332899869961	0.592171651495449	0.475700899163574	0.730430096228869	54.9159886197361	37.2338341496283	24.5945944787276	0.459877781690578
GO:0001933.concat.fa	0.517158661395576	0.586724427715835	0.473932423581266	1.17600399592832	36.3518058495743	25.8994173091043	16.5128069303705	0.444406605534798
GO:0001934.concat.fa	0.54301473239875	0.637061415995718	0.481270206596275	1.477569520452	38.9917958647788	25.652918310967	14.7490691968657	0.468662230072398
GO:0001938.concat.fa	0.529823649204905	0.61076303132718	0.474728614511818	1.45221115254237	30.3557404953152	20.3962524229814	11.3608606171382	0.458404865497725
GO:0001942.concat.fa	0.549606464276866	0.628780515693785	0.474683361857368	1.42262862329198	13.0489190853544	8.87215580703376	6.29750525730488	0.472243164376069
GO:0001947.concat.fa	0.535939233271288	0.604066783236505	0.477953426957353	1.32214300580969	23.0903752007697	23.0688853091137	24.2755652981236	0.465488705214384
GO:0001974.concat.fa	0.549968724438243	0.637925227349276	0.484551769111443	1.64928173026031	15.0423533695699	10.8477190540617	8.77739481985503	0.469230199307426
GO:0002062.concat.fa	0.584264132369089	0.669531634546212	0.477834459281702	1.32610703575108	10.748713352711	8.82793485448528	7.52389597562057	0.489403563864715
GO:0002088.concat.fa	0.525081846023867	0.570651599957757	0.468688671796171	1.62311780019009	7.58766368584127	7.39110431265515	7.26065874747232	0.438329999368016
GO:0002223.concat.fa	0.506718655011215	0.569869819508207	0.473929498057356	1.08206199255563	127.136935440838	85.287161320899	48.3888986434654	0.448101535570555
GO:0002224.concat.fa	0.506908228919743	0.569793430409753	0.46911794568682	1.04725114121233	106.427389109327	61.7470591220275	31.9252365125742	0.452048724571706
GO:0002230.concat.fa	0.514841914781221	0.565161681896348	0.461607024242499	1.19233345465108	35.8804655298991	23.1021886179805	14.2690443887626	0.43886836256766
GO:0002244.concat.fa	0.515763457391156	0.534478893088207	0.469952670306358	0.769035207918139	32.2215383156865	25.9409367745762	22.5862439433955	0.439893760472408
GO:0002250.concat.fa	0.512176975613934	0.579677564390777	0.455787745650989	1.73646309835906	19.7145729543712	12.1830437986987	8.5517836469969	0.443914296509635
GO:0002474.concat.fa	0.49582555368338	0.534063481943622	0.467932427884308	0.727390844438307	190.472531982177	127.335623400841	73.0636365937957	0.438433940815874
GO:0002479.concat.fa	0.509708276958864	0.569928078046002	0.471200325068859	0.995341123221204	254.931651275858	163.730983785452	88.2999495870954	0.448156232206386
GO:0002576.concat.fa	0.520522434695663	0.591001124859393	0.466272514558939	1.21393832770904	43.4113465785131	32.3494509142466	25.9173141801182	0.447013470084072
GO:0002755.concat.fa	0.511239084613068	0.577421966330083	0.46877530252958	1.0398180077234	119.750846577008	68.9023024937095	32.0149414118787	0.457552956257384
GO:0002756.concat.fa	0.525666965467196	0.59526187732104	0.47394100092663	0.908659044692022	120.041507300884	73.5316130248473	38.046405865205	0.464159087188343
GO:0003007.concat.fa	0.506476620209304	0.500115967697725	0.483206215997274	0.77014909805265	24.4819470839893	16.3520685109603	8.84240752330278	0.405877680029019
GO:0003151.concat.fa	0.558070279928529	0.646648137118655	0.475540659258498	1.301350456621	41.5916609417318	23.4697904387401	9.97067751265705	0.470041961083996
GO:0003333.concat.fa	0.520671155059962	0.632442667788765	0.470548703175193	2.3164236955607	11.11706903286	9.72203924034906	10.1805356195825	0.465812013843066
GO:0005975.concat.fa	0.528947846101345	0.600718813304581	0.473146428401729	1.14453494933674	55.7393316964408	40.1306392943951	29.0814419481898	0.458994384843203
GO:0006006.concat.fa	0.542145504977856	0.640944735743121	0.476240751778667	1.17652628029635	105.293031333268	71.4755234862911	43.3238254657906	0.470313293129021
GO:0006024.concat.fa	0.584030798094612	0.701545996125873	0.473802097301772	1.37318143708198	7.36609539489209	5.68283183239614	4.77330308094218	0.488863729748152
GO:0006091.concat.fa	0.533145387359837	0.604835626911315	0.471923344035912	0.981429731051345	66.6015791269443	42.4197434437706	25.7288617797299	0.449595947584708
GO:0006094.concat.fa	0.538823417601216	0.62607119359614	0.478875045188193	0.825428158707532	92.682226783431	53.4218959270148	25.3444788504691	0.476959253208313
GO:0006096.concat.fa	0.54949020408858	0.660011655904349	0.471344970305705	1.55383587622549	54.7671163136687	50.5785048040496	49.4008693301763	0.483534107762527
GO:0006112.concat.fa	0.546152164505062	0.677673229558444	0.480273587055272	1.49676715969556	39.9349938050916	24.4397762865888	12.9376313799168	0.475486099285374
GO:0006120.concat.fa	0.513148626438131	0.549659544494013	0.472453215198034	0.333342239962433	134.965355213645	84.3905768634931	33.8157985133414	0.453002456506243
GO:0006139.concat.fa	0.511338544039816	0.571553748554204	0.467410983149741	0.800000171743016	39.4517958279926	25.6606998717713	13.7639980932638	0.450082344453903
GO:0006260.concat.fa	0.492803920588088	0.519067860179027	0.473888188199167	0.460470929467386	79.6509836179137	55.7993863808479	32.5831814804015	0.443468208776006
GO:0006281.concat.fa	0.485378967613325	0.505719756379383	0.4740931879341	0.414472530601476	91.8201718400476	67.3232965580758	43.1829302020903	0.433954303845472
GO:0006283.concat.fa	0.498406413658509	0.555494713786277	0.480936184121768	0.678285855692684	80.0531315410503	59.2561819195333	38.4592322980163	0.45718670764128
GO:0006284.concat.fa	0.498213120357997	0.5279489858583	0.474209200355042	0.590600238224957	73.4439579423268	44.5648551657688	15.5401029768981	0.434981729127777
GO:0006289.concat.fa	0.488018776662385	0.517812123901516	0.473069601633614	0.615360449172766	73.8935267106063	49.2542293234686	24.6149319363309	0.440960741619491
GO:0006302.concat.fa	0.457237270477927	0.45629313712723	0.467132522929194	0.414149803034249	84.0960839332009	57.3746779901874	31.5471830839036	0.423718399969514
GO:0006310.concat.fa	0.484784702423094	0.496029544019441	0.47079507426305	0.393891213333078	77.174978108472	52.8192585402032	31.5179807503464	0.440589979664276
GO:0006325.concat.fa	0.524792378158259	0.560366957757455	0.469670379494442	0.462856642540006	72.9856411564366	57.3085906039245	44.1243961573224	0.445972917914683
GO:0006334.concat.fa	0.496680088341606	0.535652655574256	0.457420290381677	0.531687395940832	110.628099648164	77.7277708351676	56.4415819232578	0.428477848350015
GO:0006338.concat.fa	0.508437567392711	0.550126698296312	0.470450948277506	0.75516844942851	67.4704646590676	55.7447577839502	46.2992818491437	0.437031199976138
GO:0006351.concat.fa	0.518021627615157	0.552993870894411	0.472797999725127	0.915801322134308	51.3556374464704	37.087826424093	25.1442238073633	0.451302608920518
GO:0006352.concat.fa	0.50650910568244	0.511790578135764	0.461294824233724	0.181501388373695	74.696894121111	50.4424482461157	28.0132923260805	0.434083519374516
GO:0006355.concat.fa	0.522164547941427	0.562111338874298	0.472826097666194	1.03592867572694	37.3759103741279	27.6924432679134	19.9943567972263	0.454024852419531
GO:0006357.concat.fa	0.543133012578045	0.59672297981389	0.479624115971613	1.01612450815108	48.6596835464715	35.3698055593486	25.0108022593652	0.45871010725639
GO:0006364.concat.fa	0.508788533415629	0.552535747351096	0.476369497401789	0.48127767562372	159.660581612845	95.5153355141749	32.4489336302097	0.456151256677633
GO:0006366.concat.fa	0.54856196848563	0.606328577086597	0.481699616969174	1.05027972136984	45.2285831463207	32.860830776104	22.627335847946	0.464515340111023
GO:0006367.concat.fa	0.525383141762452	0.576633393829401	0.475136682927937	0.907684060798548	83.6527778648601	55.4922986965589	30.7480445716011	0.452957226741606
GO:0006368.concat.fa	0.496801342499127	0.524571311747719	0.477895230086667	0.322210505737139	85.0834392011818	59.1857030729167	36.2553043454863	0.443619216588567
GO:0006369.concat.fa	0.49277013408115	0.493997020418894	0.472085832375152	0.493153965471913	130.021815489324	91.4175818023991	53.2214523200134	0.441247879877197
GO:0006383.concat.fa	0.502679094060966	0.535143410329146	0.48039095179503	0.513219158899545	58.8841256205742	40.2629145305743	21.1944908621522	0.44642372994238
GO:0006396.concat.fa	0.495313739716321	0.513078675712486	0.468557623864886	0.590744905299407	86.2813895413935	63.2375114518508	40.6370252421629	0.429259885607397
GO:0006397.concat.fa	0.508133500949932	0.513861451647967	0.469648185218648	0.606462915423372	94.1973542096122	65.6194981433261	43.5520302942704	0.432022540279479
GO:0006406.concat.fa	0.489383246872615	0.507244006169089	0.473986975054623	0.202367553862691	110.587913090317	81.402002435153	55.2695316195776	0.436510903199552
GO:0006412.concat.fa	0.509041477753872	0.561876695456072	0.478056204797264	0.608102592225398	442.833212053296	262.633754337039	83.154333830506	0.456710907991665
GO:0006413.concat.fa	0.497513352797382	0.543000988528472	0.482749686962449	0.6343424898065	680.885254250185	389.962118815134	117.561433397238	0.455116074796586
GO:0006414.concat.fa	0.525790295827496	0.615053867336586	0.491234979587939	0.636086816735992	1182.83758531382	663.035489698692	152.770609700565	0.489765519553413
GO:0006415.concat.fa	0.508030396385295	0.581700554528651	0.488372987789451	0.598842684454466	1361.63328393182	740.826556766985	133.94598798153	0.478256651867589
GO:0006417.concat.fa	0.507985166001603	0.538888300321543	0.474750314949126	0.653619866612415	71.5268876548651	54.727882919711	37.7487496164297	0.442832866491882
GO:0006418.concat.fa	0.507672107798956	0.552632245234031	0.46813080868039	0.252020913469869	82.2564613811252	56.623627846487	30.3833474908502	0.444100120973546
GO:0006457.concat.fa	0.49437542529406	0.534009915427238	0.471862984583163	0.601702571581007	224.01072022096	152.019668829858	81.8718737900103	0.451497177245295
GO:0006461.concat.fa	0.516451830372735	0.556689977825971	0.473299764813681	0.861409913740588	49.2543535897798	34.0391971631673	21.8688159358644	0.439324803239
GO:0006464.concat.fa	0.516866224670427	0.592458566270501	0.476459403626147	1.04328197675697	54.8033885257108	41.75994592914	29.8428654293485	0.455999875903814
GO:0006468.concat.fa	0.517613144518322	0.570478817484071	0.473999126664785	0.933399555854399	31.3811863055787	23.731463099648	17.4764357610046	0.443893143395709
GO:0006469.concat.fa	0.531668787472344	0.610963992158751	0.484619481243242	1.27268428311036	38.1900838827305	28.2267138059999	20.1074492285555	0.472952137396238
GO:0006470.concat.fa	0.515957328641439	0.575304964444474	0.470331167548928	1.02114305876022	35.621569769039	25.934590859737	18.1095015570387	0.442379944487918
GO:0006486.concat.fa	0.526862638662714	0.61854357175665	0.47447540916788	1.2435436030732	18.6678577668798	16.8154502011545	16.000836325064	0.451608369469013
GO:0006488.concat.fa	0.509867106314948	0.585169364508393	0.474680310817425	0.834281467326139	54.1321546336181	33.9786532876609	15.212531804166	0.450559546384472
GO:0006493.concat.fa	0.549708029908656	0.602725704091481	0.471499144293542	0.994195887200905	11.615909172779	7.11198601144908	4.59350061328822	0.496004269210301
GO:0006508.concat.fa	0.530328396074397	0.596606576436867	0.47096310524969	1.62857905979525	32.7423758802502	22.5091925506107	17.3690034177273	0.457054372249023
GO:0006511.concat.fa	0.483611890529055	0.503820461794729	0.469230886095578	0.481496680007873	77.6909445976458	57.7525133983099	43.3219802446791	0.427749911866951
GO:0006520.concat.fa	0.542690864537867	0.634184235038516	0.483239442728337	1.42084506861063	29.5562147779182	16.9703992052389	5.96238453633862	0.478161532011916
GO:0006521.concat.fa	0.489130434782609	0.526532887402453	0.478449628675027	0.46423328372732	190.373621666708	134.066213585493	78.6677491537061	0.444148130773068
GO:0006605.concat.fa	0.519246675574219	0.576293185722466	0.473102317733902	1.4207459744226	38.2488001496948	38.8089027142496	40.005633523327	0.439849713930414
GO:0006606.concat.fa	0.492030223050251	0.505796201417999	0.477696464902626	0.278791931894633	86.8467479679219	81.2657437790764	77.475112211683	0.432809416271078
GO:0006612.concat.fa	0.521404373267632	0.589723847654245	0.476984851031138	1.02314295760189	43.7255992512865	30.9653480083182	21.5649788143785	0.459702923913368
GO:0006614.concat.fa	0.501381505841367	0.571447878187224	0.486413305338551	0.509019531321236	1050.32836739657	580.002171101257	117.821625961264	0.465499749769924
GO:0006626.concat.fa	0.522059548457064	0.579488317065957	0.486079334072395	0.499354310854777	116.934275928302	73.4808087260372	32.7897816579702	0.467803057101322
GO:0006629.concat.fa	0.527322497087335	0.616351080796769	0.476308449832153	1.34628603871865	27.6197231406372	19.5755030945845	14.4763558978219	0.466548710758897
GO:0006631.concat.fa	0.527896465941245	0.61226001253347	0.470923711836337	1.18649546801117	29.7897743624491	25.7725457013143	24.4085353896153	0.47030405597648
GO:0006633.concat.fa	0.515758189800743	0.585775189310608	0.467239708723436	1.22292790565732	30.2973947343303	19.9263807184	12.784840092724	0.464053017648095
GO:0006635.concat.fa	0.51229863692689	0.558131970260223	0.463935204287278	0.699458917286245	59.972893673522	38.2659406272748	19.7750061358252	0.445583189453441
GO:0006644.concat.fa	0.515959591709358	0.591733902780262	0.476893765677331	1.33777705906844	30.952204886837	26.8718547930929	23.550145348762	0.457932129462989
GO:0006661.concat.fa	0.506048906048906	0.571090733590734	0.47057320379896	0.676956640993789	37.6964804769811	27.703206527663	18.2253801044654	0.444512042834279
GO:0006665.concat.fa	0.537558148402349	0.62657286662091	0.474751457574768	1.73889134065431	22.6655637035352	18.204904245279	14.8864668935691	0.461506029270798
GO:0006687.concat.fa	0.540677728768466	0.612686410417979	0.473718435449643	1.52647200693132	17.971526582965	15.2791149383412	13.5346783728007	0.458401193554096
GO:0006695.concat.fa	0.514937523293905	0.593891602424528	0.474317916075507	0.758026681574766	73.1093540390719	44.660634047454	19.9807479367415	0.454029843745748
GO:0006749.concat.fa	0.543431510051426	0.65070126227209	0.472055897099532	1.33711553997195	133.297519423399	71.8740617244623	26.1785882891132	0.477520183213007
GO:0006766.concat.fa	0.529007154656859	0.602959714043964	0.471557308344503	1.42454147053237	22.1827577244975	16.0063601645347	11.2496797877	0.458898650403939
GO:0006767.concat.fa	0.53077160245583	0.607315209523044	0.470109170305677	1.30997330692512	24.5183107788089	17.8947476268664	12.8300985092295	0.460362629269891
GO:0006805.concat.fa	0.521529763419612	0.616536175691253	0.460874374673105	1.3041708857917	19.0961489942835	10.6353170658924	7.05324601145684	0.452574517639791
GO:0006810.concat.fa	0.527454944151305	0.62415802493802	0.472257976910764	1.5338693534303	26.1386846944399	18.3951553771245	13.2949251546841	0.462790119905731
GO:0006811.concat.fa	0.531491964343809	0.650644153816123	0.472256789061697	1.73872484384766	8.52087410010594	6.67877633350269	6.16763690086702	0.458294771298552
GO:0006812.concat.fa	0.523076923076923	0.629909673659674	0.471821948486443	1.18768014131702	11.172990776838	7.68281250690491	6.05181634715856	0.462923072711091
GO:0006813.concat.fa	0.549722327618916	0.682280707805871	0.474883714704817	1.94617146208383	9.34817476404972	6.00656716245428	4.51842144821746	0.46747076982036
GO:0006814.concat.fa	0.510727715107277	0.616599659107173	0.467840857442752	1.66865898616912	13.1255594790243	8.70332052289247	6.23444095699659	0.450554667290243
GO:0006816.concat.fa	0.537455108563144	0.660689927844223	0.467159039497546	1.82482268261342	7.5375653379079	7.74239775694615	9.3730775250944	0.462249739575772
GO:0006821.concat.fa	0.533443236652757	0.634511359538406	0.481535420784355	1.81916437586935	14.237647130817	9.81678930010489	6.88013521825726	0.476306966786859
GO:0006833.concat.fa	0.563732787495348	0.710412899588309	0.481741473634733	1.75567146113411	20.7392587232183	19.0141792295205	20.0070723046566	0.481528379735193
GO:0006836.concat.fa	0.531426094495015	0.660694504647691	0.47839254151035	2.38590153157058	9.33109966730174	8.61100488398113	9.74547436190566	0.469135103815335
GO:0006869.concat.fa	0.511658023980026	0.586469476125967	0.472758070343569	1.43676434826984	17.0378462389252	12.6061978596136	9.38905951017644	0.453754522458087
GO:0006874.concat.fa	0.52186326919423	0.610497450355102	0.466155406157611	1.82018756291104	13.9443205050105	12.6556688200929	13.4125367675017	0.443638208474236
GO:0006879.concat.fa	0.523724546700233	0.603836716484497	0.471905237189507	0.931220528345177	54.4911456362754	31.9876887009529	12.6462006054982	0.455702587070951
GO:0006886.concat.fa	0.500107264944413	0.557144575656114	0.472734444040674	0.590468960598965	72.3070172132269	51.4424072088491	33.1998121214274	0.441802941885799
GO:0006887.concat.fa	0.521373053218349	0.591600647309513	0.48107738674489	0.917727489772929	31.3795752185996	24.9750041768198	20.8234092447546	0.460793896955834
GO:0006888.concat.fa	0.486846087015941	0.51234369051454	0.471388260217529	0.490163278417966	100.710643320376	68.5803654002169	37.4567980633683	0.428319447909649
GO:0006892.concat.fa	0.513663733209819	0.586514920929001	0.480139201917876	0.459063776219149	104.314215961707	68.319038454354	33.455835499884	0.451555781350823
GO:0006897.concat.fa	0.524998157836563	0.588294893522953	0.476589669698108	1.07026038427529	28.747863528542	20.5600442166263	14.3867712732209	0.45379964605451
GO:0006898.concat.fa	0.538163844532718	0.584300107857838	0.474147430441997	1.64819649855217	60.1445721113044	39.2124144202826	21.5671792473311	0.459043420010954
GO:0006909.concat.fa	0.57530585503185	0.696454287159927	0.486184015300944	1.30745796909664	17.4912759676399	12.6205805015893	9.96851339468596	0.521908803679545
GO:0006913.concat.fa	0.518008090662435	0.592019041462196	0.473063860533662	1.17743965543435	65.4681396915961	47.7252511200598	32.522344308084	0.45891013018482
GO:0006914.concat.fa	0.530860956952152	0.605860313807016	0.476360449224241	0.90121416279055	37.9665933108308	28.9494003964377	20.3886709313479	0.455875491377037
GO:0006915.concat.fa	0.521056041952352	0.580621099885987	0.473796785214342	0.999442582761488	70.461757049534	46.2610418204577	27.4936736289772	0.453831670354861
GO:0006919.concat.fa	0.524373104519565	0.587937963853342	0.472125545549682	1.23714314668245	54.3090086749991	32.1868658772263	14.0872605577028	0.446423029493086
GO:0006921.concat.fa	0.506789860894497	0.549387967295241	0.465183534425198	0.796628583581455	64.422376218308	45.7877945136133	29.0609859245122	0.446909805623267
GO:0006928.concat.fa	0.533635763521086	0.617671441072169	0.467942210753833	1.29581458818055	80.3128657785998	53.1329910787898	35.9237398050363	0.458122958905994
GO:0006935.concat.fa	0.522852784507582	0.62905317769131	0.463886974304634	1.33791914588637	16.8477164280513	9.90323417488623	8.17430266710702	0.458858374362248
GO:0006936.concat.fa	0.509980304468406	0.568077847229942	0.476449822724589	1.26526148939263	8.65903295667919	9.40024602095206	10.6780469236819	0.432086477447773
GO:0006950.concat.fa	0.507075684283268	0.571733317309137	0.481628098717194	0.760656428794992	235.82997599342	145.730876928852	66.2748768488073	0.454190808633631
GO:0006952.concat.fa	0.547079111492343	0.638503189835415	0.463870824619435	1.60911329812899	14.7888060693721	7.98421491472637	4.81924334233284	0.479956698557526
GO:0006953.concat.fa	0.52196882519092	0.588816821843289	0.467021078298018	1.60496452034732	31.8124888566109	14.0397387996407	4.91155793418101	0.444401462968886
GO:0006954.concat.fa	0.528066697714779	0.615982613056925	0.467033690380047	1.50218647311258	17.6251077013883	12.0208605974583	10.1897886377956	0.464309615459474
GO:0006955.concat.fa	0.527351579868071	0.610639312463035	0.464268974455587	1.83291949059263	21.0222349434944	10.9796832667966	6.57797096017336	0.456415593243453
GO:0006959.concat.fa	0.556784397669164	0.664033433566077	0.455038794074094	1.88317315332092	44.502145577109	18.5254063610352	4.15781550726776	0.499879982480627
GO:0006968.concat.fa	0.533358014407577	0.625618955065019	0.461139997636961	1.15897335369522	14.5367748981597	7.26870330267632	4.94584306762043	0.469331697677982
GO:0006974.concat.fa	0.480262142932076	0.483069055387423	0.468249064642783	0.514303294586973	66.5818300448743	52.6379303736991	39.2698393238185	0.426858566490345
GO:0006977.concat.fa	0.498240120400039	0.540926303524614	0.476309610869482	0.493362637525468	238.865505123073	163.280947557297	88.3591479465537	0.440750178127499
GO:0006979.concat.fa	0.523743857980663	0.591234744016484	0.46977937610641	1.24084750541263	41.6952618957259	28.8377964382557	19.499215250341	0.449792153309431
GO:0006996.concat.fa	0.493243681140635	0.527608554763448	0.470714656640717	0.435426125949629	88.1555198720007	73.586303172947	60.4134303113639	0.438060907397317
GO:0007005.concat.fa	0.52943799042087	0.587950932436564	0.48026400775556	0.669296243503516	50.8667724868508	34.9133877708583	20.1156747700423	0.467066356932282
GO:0007010.concat.fa	0.53084760945023	0.59273477614089	0.48001269357593	1.22058628748485	31.9559576576725	25.7593879123391	20.8443774540199	0.454790956719637
GO:0007015.concat.fa	0.526370109668174	0.595861270131201	0.472093811525952	1.24129786844222	24.1951998638244	16.3824783596131	12.0414742751558	0.444795029208139
GO:0007017.concat.fa	0.534877223937656	0.636876929863255	0.492161083601071	0.843918286537077	122.206351363122	98.0159732289603	71.2912697965748	0.473262686464845
GO:0007018.concat.fa	0.492635738886156	0.551565699049312	0.469947812955308	1.09991163558726	27.0994156406128	28.8592499086211	31.0296162163863	0.43417130636432
GO:0007030.concat.fa	0.493661457864691	0.534732011637323	0.468702281616534	0.774599842536217	26.0848907847468	24.4914452563054	22.9723245718863	0.42996555244743
GO:0007049.concat.fa	0.514866577452431	0.56757092088588	0.478899646596053	0.803981878077228	64.7310774805964	44.8206022492535	27.1626334279156	0.460388414200982
GO:0007050.concat.fa	0.513576322667232	0.566992725501233	0.467947179145137	1.05184922283087	42.6870267163481	37.2175392848722	33.1830549104867	0.443739500471951
GO:0007059.concat.fa	0.463322818086225	0.475772870662461	0.469863477179554	0.285332815799015	96.3820952194422	67.9259987948069	40.8097249766922	0.429388026644199
GO:0007067.concat.fa	0.479705315146785	0.495930326193337	0.469120516832296	0.498327192143319	91.4102767953089	65.6522620895003	41.6543661434873	0.429775977881174
GO:0007077.concat.fa	0.479483282674772	0.467623751628311	0.468243846747139	0.298837936930091	93.5147390599737	80.593044263414	67.6020062540704	0.424073675209192
GO:0007154.concat.fa	0.522112669315082	0.585315655961327	0.471064819345973	2.07193550710764	8.3327456768077	6.08893977125936	4.59453445837966	0.438268710865817
GO:0007155.concat.fa	0.540933839059291	0.603918396267344	0.464968542696993	1.6058669625102	13.6529557815394	10.0523294131825	7.96964165486319	0.450101965098211
GO:0007156.concat.fa	0.537684401096758	0.602457401603918	0.448152710439476	1.27343315601323	3.26673417181931	3.35858756015113	3.80820637768978	0.440504091210286
GO:0007157.concat.fa	0.532418396951425	0.588797031458896	0.45833584778215	1.62251323074396	7.02889966705472	5.95321231376396	5.82455312437586	0.435891973853319
GO:0007160.concat.fa	0.548386847494301	0.596186977777556	0.467809641119565	1.58422108240313	18.133663701786	12.4284923171492	8.39825239932841	0.461269436280584
GO:0007162.concat.fa	0.543888124389871	0.603048586852969	0.470188247983257	1.4121323841784	23.5983853244216	19.6331221937041	18.8552984574542	0.470969894705568
GO:0007165.concat.fa	0.530691846215511	0.612193378656169	0.471021377885079	1.34854034864274	34.8981227217124	25.1791507178052	18.8409558906802	0.458424612837427
GO:0007166.concat.fa	0.539299503287292	0.624621070934028	0.472491187435874	1.66694837701449	22.9782532411266	14.8551628744965	8.75228474239446	0.466601002068115
GO:0007169.concat.fa	0.542800251065948	0.631679761054477	0.473358437073785	1.95569874702255	8.25999602341412	6.08544836465804	5.14234492547707	0.464787712409247
GO:0007173.concat.fa	0.528143797463404	0.610227531035292	0.472873008746554	0.959431568859285	56.8050115688789	40.0449682845535	26.9113627470943	0.452652009617518
GO:0007179.concat.fa	0.521996403629825	0.552527913687116	0.475383213441978	0.953935771180304	99.1609447789994	63.1346444625172	32.0418582680166	0.441707638430707
GO:0007186.concat.fa	0.520715524112374	0.640284338949157	0.443296138909446	1.77544203746598	16.8333465351264	7.68091698504719	5.48355638930618	0.462867970742902
GO:0007187.concat.fa	0.560763089206203	0.732151082450484	0.466920406735605	1.10222738945187	2.25188245477759	1.18346567858444	1.30355586542966	0.462903141512836
GO:0007188.concat.fa	0.541912303856871	0.688693356797184	0.469450167465503	1.71794881358979	16.1800820890063	6.84820153624295	3.05515306245001	0.464920605550429
GO:0007189.concat.fa	0.566976927433454	0.723055329836744	0.474445827900274	1.98950806136261	63.7043841760408	27.943820510568	8.55291855473082	0.481604850107193
GO:0007193.concat.fa	0.554803619319748	0.714339424016843	0.469771142991828	1.86532237762238	9.90757049128348	6.09434631249036	4.51906045656479	0.466547903074375
GO:0007200.concat.fa	0.563526616579978	0.712772105567328	0.467449981606679	1.66231580812945	5.81163899768721	2.56063369108644	1.86490494107571	0.460778304492645
GO:0007202.concat.fa	0.543456865940745	0.685381581122895	0.470982076163854	2.07289859697192	17.5018474361344	16.0915946300148	18.2153687100377	0.46628117225221
GO:0007204.concat.fa	0.558375662153407	0.697437405066392	0.469628419150369	1.98555553758963	13.9402795234786	7.66701946621222	4.45140197423261	0.47375975987198
GO:0007218.concat.fa	0.555140764274998	0.680619539316918	0.469618151577638	2.01711369075986	7.54319237137621	4.58669785982835	4.15109009636711	0.452890022833449
GO:0007219.concat.fa	0.556178757094482	0.621281060714456	0.478631098764048	1.27948010903907	71.3460700000896	46.0845218906841	28.8429805849428	0.463565738924435
GO:0007224.concat.fa	0.522980238720855	0.579527800686626	0.470455080533854	1.09346158225363	23.5779182330287	22.5435915062644	22.2638854920839	0.442115744663309
GO:0007229.concat.fa	0.547481052162283	0.621182000366614	0.476537736355892	1.67509196747018	22.4788955299741	17.8060656738404	14.5647500020541	0.472571201493731
GO:0007249.concat.fa	0.513895614743072	0.563599677158999	0.467794246221741	0.764664055690073	169.555569913697	98.1173382937855	48.7125701371223	0.453793439410108
GO:0007254.concat.fa	0.544910293809224	0.618915517931705	0.478249060345343	1.10009552820147	113.930788573662	77.0992669177791	41.334125954901	0.466739060928176
GO:0007259.concat.fa	0.533954604170511	0.614227717291013	0.475682880973987	1.35209935412438	21.143693754889	17.5613273291425	14.683375733004	0.483744490474725
GO:0007264.concat.fa	0.508676529088139	0.569760952834764	0.471534120067023	1.02495001472243	48.4475889283184	37.8241288753103	28.7178021589747	0.446303606372728
GO:0007265.concat.fa	0.525798352847322	0.594922452427321	0.4819303436316	0.789444991670382	35.1521954287344	29.1376425186983	23.1223010466243	0.457673081852526
GO:0007266.concat.fa	0.543682657333059	0.625077208153181	0.481068094881491	1.63477796521237	32.8801676283171	24.1321988390072	18.2289852139932	0.464286218312601
GO:0007267.concat.fa	0.556227075101613	0.657677274079109	0.470408776086795	2.35838200456553	15.0394573814458	8.24310457023467	5.01989153443775	0.476165247862718
GO:0007268.concat.fa	0.549295562363173	0.666304933512693	0.472880235267408	1.43658073456778	20.2216279463409	13.7037291984991	10.4294944617253	0.463595895362139
GO:0007269.concat.fa	0.553900969046542	0.656336874771028	0.479799114009721	1.48251408960628	49.9356521718296	30.4553748001067	15.9382081715787	0.465889096230736
GO:0007275.concat.fa	0.53175238295258	0.594413336527461	0.473462344149631	1.21335213443401	42.8419409733562	34.905825541077	31.7986798215896	0.455543049797049
GO:0007283.concat.fa	0.497563456078647	0.532060680537311	0.469437463459941	0.917847728157918	70.013510814	55.846589562068	49.4912002601712	0.445112564689432
GO:0007286.concat.fa	0.497202517370585	0.53115791771254	0.465008538209198	0.813700560951653	86.9119418323445	79.8757684769623	76.1922302755566	0.441083269217362
GO:0007338.concat.fa	0.502731151732496	0.536617320564775	0.47061314665619	1.25777350607246	30.4682770377408	33.4278299015807	42.5014718414108	0.442566369812744
GO:0007346.concat.fa	0.516623835528429	0.568161741085769	0.476145329164791	0.936038939970964	36.9934631896521	26.9981998038666	17.862136038486	0.446777648884744
GO:0007368.concat.fa	0.496953642384106	0.543107488537952	0.467535072210277	1.36202181558839	20.9012538090537	20.4660718154089	20.9027159358167	0.429833398606142
GO:0007389.concat.fa	0.565060387734503	0.63172183355957	0.481821111856481	1.31072796282761	8.89998846872515	7.67411018018138	7.19869485904396	0.462505720578729
GO:0007399.concat.fa	0.541961626477633	0.62012739348651	0.470643230338934	1.48252953324585	21.8532055983372	15.9453967308942	11.6468821531064	0.451806557265198
GO:0007409.concat.fa	0.529422038002981	0.589535208643815	0.472886660096118	1.49946250349292	28.9331415233572	19.2219937407456	13.0268128085054	0.455607565234354
GO:0007411.concat.fa	0.545121407110871	0.618252204239016	0.474779697051392	1.50608573856604	45.466971870571	30.116834171401	18.686792922047	0.460248484280916
GO:0007416.concat.fa	0.546102504943968	0.616780652603823	0.457395852638949	1.01281070163151	5.09626971818676	9.66817293118849	14.8395682526854	0.445853568879772
GO:0007417.concat.fa	0.538640251681744	0.585431889352818	0.468066453253548	1.65486228144572	21.6309988677048	13.2644275852674	6.89243219619009	0.446433565544791
GO:0007420.concat.fa	0.5308199250811	0.592889211120716	0.47376085996646	1.15795073752251	34.7019886591334	24.8438151353307	17.0044427634594	0.452571797029606
GO:0007507.concat.fa	0.527897710221311	0.577581504774297	0.473086681970778	1.22735513985828	32.861674605482	23.4790259480928	15.2888467730669	0.450910483239059
GO:0007517.concat.fa	0.542229064152257	0.618316518679385	0.473994832739492	1.75576621292409	17.9554479402292	17.2966078412274	17.2925430110988	0.464267195524087
GO:0007519.concat.fa	0.536347687400319	0.59921052631579	0.47349842225446	1.97725762440191	18.424693608001	13.0329626593645	9.4140574928185	0.44911368849827
GO:0007565.concat.fa	0.559471701954397	0.653425285016287	0.470182045063115	1.72227624900157	12.4299006637835	8.59141755855449	7.31873338331495	0.477264913072332
GO:0007566.concat.fa	0.54996632996633	0.63030303030303	0.476720848531711	2.21799314343434	63.0966806333594	38.6948756272055	23.5945725312738	0.47833405198141
GO:0007568.concat.fa	0.5531654402701	0.650031965702681	0.473404699461433	1.62731315984105	37.7047130358978	24.2006852092467	15.2900361969419	0.474865264048538
GO:0007584.concat.fa	0.513850958503605	0.581560849197648	0.47098419436487	1.30008714553102	40.1852036970707	25.179165609641	14.985899451086	0.454602167473294
GO:0007586.concat.fa	0.529423351553651	0.637858866400749	0.467354567975789	1.91971275825129	4.73122858489436	2.27377056689878	1.82670509963727	0.447469422176685
GO:0007588.concat.fa	0.537383566200932	0.63248502994012	0.482217148248265	2.55818729624085	9.0167816316155	7.54873616859766	7.81670613116115	0.466628154880654
GO:0007595.concat.fa	0.53261618603782	0.604330915589194	0.465395846376585	1.44137944216686	21.393034968757	13.4557264445667	6.92352128672172	0.451244475929648
GO:0007596.concat.fa	0.521347785474776	0.596630647380855	0.470710895577543	1.44373191581891	32.3506909130156	23.1824702602741	17.380201066097	0.45411468639112
GO:0007601.concat.fa	0.527885512037979	0.587503179043744	0.466314390102968	1.40612222729933	16.3958765003558	12.8783263472935	11.1915164741666	0.446005275289767
GO:0007603.concat.fa	0.536227994000158	0.63435699060551	0.471854079595867	1.70877092606458	13.6023331846206	11.3550502292746	10.3793466945102	0.474869737878258
GO:0007605.concat.fa	0.53129989586949	0.589352655328011	0.473209160432561	1.79219692969846	22.3519622313087	14.2296571986281	6.86132468070932	0.447894142203573
GO:0007608.concat.fa	0.483392623259004	0.594791576285682	0.418027038081502	1.73251312302511	9.77103100851853	3.4258247917074	2.41374886770764	0.434858914406204
GO:0007611.concat.fa	0.535846486747729	0.629386759811513	0.467056589183006	1.16723189771641	19.6179167729351	12.0839111405325	11.7850102803543	0.448243462638136
GO:0007612.concat.fa	0.532074301619579	0.620213732531476	0.463025364690984	1.35266740293774	17.5607854935988	9.85231748230419	5.78927190852473	0.434795190046311
GO:0007613.concat.fa	0.553484969120527	0.660497944954918	0.476956271272036	1.40957035570571	15.0304965565868	10.4036135527956	8.62841051195387	0.473409003502833
GO:0007623.concat.fa	0.520048722334525	0.574374125330431	0.472032976628618	1.34044294044472	97.0700481346551	65.4613024327871	41.4660246098191	0.447342262768275
GO:0007626.concat.fa	0.539349797246732	0.634156788554823	0.468453079687343	1.6163364392518	20.2546136758708	13.6628925096628	9.90568183486893	0.444853368870541
GO:0007631.concat.fa	0.557923132130571	0.674957309377088	0.470049829135743	1.23357870665974	14.9517316343201	10.8084504900383	11.7871626053259	0.469659314623113
GO:0008033.concat.fa	0.507547854232937	0.546166080696467	0.469644920308329	0.76985747112004	50.1434854100486	35.7552776033928	22.0995357438367	0.449213278157751
GO:0008089.concat.fa	0.529756505965255	0.619828368101584	0.474789700855374	0.520075057559478	64.5449478702197	41.2204525088027	18.60198374019	0.463719204206128
GO:0008104.concat.fa	0.53411509857856	0.594028986439751	0.474741515284183	0.842851064214751	41.6285541664429	33.389467837294	27.8375851349878	0.45539042299645
GO:0008150.concat.fa	0.529702837616001	0.583664444369996	0.468860558498086	1.11967289047381	29.8704900553884	23.1506287760391	20.3100220813589	0.452566392912151
GO:0008152.concat.fa	0.515414207665557	0.590888126947673	0.468978405045588	1.26692353174396	26.8427947402447	20.9501400911527	16.869813704503	0.448896778913563
GO:0008202.concat.fa	0.509401979364077	0.592514213518635	0.45973358414804	1.6929332912192	17.261195642333	8.24529792796398	2.43600439430127	0.443974342909993
GO:0008203.concat.fa	0.532210575051906	0.62510580115893	0.480358603255511	1.59567382642099	30.06031460984	18.2039019742295	8.18317531080002	0.461228227015234
GO:0008206.concat.fa	0.493849608110528	0.544939873548494	0.453421616991478	1.16398753667507	32.9002871489334	18.0687199983479	8.71087777048636	0.420744012913282
GO:0008217.concat.fa	0.545732645036867	0.655527569266066	0.464846553555536	1.35951452512556	20.6168804508216	13.4262491434018	10.0824418365454	0.464049265088496
GO:0008219.concat.fa	0.543251850576691	0.630788431743846	0.475729449148157	1.52836523045649	21.2750137435615	22.3746830114663	23.2940569338076	0.452952624138932
GO:0008277.concat.fa	0.533224900603331	0.62315455834515	0.471680997307206	1.66203171429811	21.6798782249766	17.9274782436182	15.2663958457758	0.465354889391764
GO:0008283.concat.fa	0.524914868508484	0.579205664486011	0.474913396922358	1.25424045647381	57.4598348385154	37.435770517215	21.9790142582338	0.455230311245228
GO:0008284.concat.fa	0.537347979493202	0.611750362892046	0.472035806448309	1.23971203595479	39.2582951842998	24.5380612254257	15.2433254051608	0.460303105685344
GO:0008285.concat.fa	0.545055154365973	0.624986104228316	0.47413293390769	1.60075295847828	32.3312550001859	22.0718701344909	14.2675823833766	0.460952150711106
GO:0008286.concat.fa	0.528438948403814	0.600576395347502	0.479020800603408	0.876058946281711	55.806554472587	36.0931625825123	21.3108451559444	0.458796932381899
GO:0008333.concat.fa	0.517066420664207	0.584577323045958	0.467980052469634	0.591017133512244	33.52104913949	26.0705678797921	18.6503547142542	0.451867626757022
GO:0008344.concat.fa	0.546509005961884	0.630137727629407	0.480024844787493	1.270798347223	23.2427605929766	17.95824465806	15.1780627513717	0.454510149909574
GO:0008360.concat.fa	0.53508518922928	0.610220647314531	0.471085863839569	1.39324474546241	41.2859080446556	27.0936982060278	15.6829817395865	0.455479233592187
GO:0008380.concat.fa	0.498192273079257	0.502118581898441	0.473037501875221	0.528038517717504	125.516975944974	88.5080602201318	57.8550036740622	0.432932689424974
GO:0008542.concat.fa	0.528346697392245	0.611893620523432	0.481321760854849	1.15116890210925	20.9941772515725	16.4694439471949	15.3979454427474	0.44837158696694
GO:0008543.concat.fa	0.529624705150972	0.617358093215423	0.474227707481163	1.05360274283671	60.1968181653617	41.4398562267342	27.1509696462396	0.453833877430444
GO:0008544.concat.fa	0.55849726454662	0.641036840425353	0.465189257136764	1.69948779816514	31.6241551924528	19.3373475391379	12.2314251560445	0.472663971852371
GO:0008584.concat.fa	0.522360723853261	0.577005084467771	0.47419332486901	1.13917037493362	78.9690544231282	51.4840191661432	38.5002159273627	0.450107948982788
GO:0008630.concat.fa	0.496902783850751	0.526317227809357	0.487709930455271	0.697237526846192	60.5143101736801	39.17717480551	19.3028180928899	0.451202781271348
GO:0009058.concat.fa	0.532202431439073	0.61039016115352	0.477957126451448	1.34160451017592	32.0193766847151	23.5730360429712	17.3550158906089	0.47971827721807
GO:0009267.concat.fa	0.519883926318446	0.569492808478425	0.466783172072802	1.02042918622256	34.7192373604345	24.4931546780547	14.8912823569998	0.44779369748987
GO:0009408.concat.fa	0.532042917210381	0.623488473249239	0.472334270068102	1.39406578512397	274.576443420525	162.094240653684	74.0121976914588	0.481743145965127
GO:0009409.concat.fa	0.542507550796266	0.622116968698517	0.465903212939254	1.48486455887724	331.587315872114	177.29117681568	84.2287538853414	0.461919691638817
GO:0009411.concat.fa	0.497333967812389	0.523298803030858	0.468774798553199	0.500047443150305	55.9205427358409	38.580405395337	21.8768685449993	0.441507056133448
GO:0009566.concat.fa	0.491535483141622	0.527965407116412	0.471987885364065	1.29195184127971	88.9945307682841	71.6189744564745	54.9174857547007	0.437933771886962
GO:0009611.concat.fa	0.555188304465279	0.657397107897664	0.47297593705668	1.91765434228145	27.2161605132416	15.3643344669927	8.70317040199172	0.472241790048392
GO:0009612.concat.fa	0.565111678130316	0.671788329265587	0.476162573450326	1.71384090858664	19.5641042745487	14.1952325681082	10.7555903854106	0.480778394136175
GO:0009615.concat.fa	0.498723667905824	0.561747211895911	0.470498759578833	1.11309831846707	71.6471046936958	45.5330940979924	28.9755779159204	0.448892267498473
GO:0009636.concat.fa	0.519883064901712	0.59653292897832	0.470101442872742	1.46948924126278	32.5379444211048	19.4041946014175	11.6809916485189	0.44683582388232
GO:0009653.concat.fa	0.575807613652128	0.66875646068547	0.48187070852101	1.25585662142432	25.315947880476	17.552773982377	12.0650072984926	0.481410615243592
GO:0009725.concat.fa	0.527920219275622	0.591953151075644	0.467393362780417	1.49605877658767	58.0440710861905	32.0684449513155	12.5905490590054	0.449824291283443
GO:0009749.concat.fa	0.551013583041778	0.64100123482198	0.475187918396845	1.0747077305001	30.990317193081	20.9743455542755	14.6331639875125	0.463670885025102
GO:0009790.concat.fa	0.541171490899619	0.590889851203073	0.468985615774355	2.49569245921922	86.6177828065665	80.8976058483082	75.0635357229682	0.459862877304705
GO:0009791.concat.fa	0.512564081400574	0.562110269076796	0.46841000757475	1.13088597781579	53.3843809039628	34.4548381210536	17.5059875786701	0.438438068426802
GO:0009887.concat.fa	0.55841936768948	0.639922821062938	0.478944468053497	1.71602293150012	26.9357737418276	20.3843163677684	15.4282658895567	0.471205136096293
GO:0009952.concat.fa	0.555272272464884	0.631149381053172	0.492877587038861	1.36599342312746	28.6010245271613	19.9061988627137	12.2047355546208	0.465444882775194
GO:0009953.concat.fa	0.532608695652174	0.585718897976754	0.478494353773247	1.12015654057254	23.5426609756749	23.5127224820714	24.6944454583179	0.450585672917155
GO:0009967.concat.fa	0.533967632106711	0.57545823422415	0.471575853094411	0.88152816109986	42.9989806218096	23.1988123279385	8.65234469006873	0.456261700933954
GO:0010033.concat.fa	0.524246323529412	0.609540441176471	0.478556121345575	1.23408087867647	56.1322244430155	34.0525921266179	18.2278488196112	0.457882413391577
GO:0010212.concat.fa	0.483511827491706	0.507653613154479	0.477310013538077	0.58198966897447	59.5832947505411	40.7823783605911	21.9814619706412	0.43353038195443
GO:0010467.concat.fa	0.507353379070488	0.542842849996427	0.474439705766469	0.528483668055487	156.43796568687	103.936999637068	53.7146460901597	0.445352647353855
GO:0010468.concat.fa	0.528623583698183	0.572105643481587	0.474305043617957	1.19819810770944	33.6415130858123	22.2754476255797	12.8149256904946	0.446102814791565
GO:0010501.concat.fa	0.486686103012634	0.505916652375236	0.4712270351834	0.299845030532744	192.154347310576	126.536432700086	64.9520857230183	0.443249961206511
GO:0010506.concat.fa	0.538481169565059	0.619125742826935	0.465590128480007	1.45918538408254	36.8570995298061	25.8971288636942	16.8747567685082	0.452388930578808
GO:0010595.concat.fa	0.544814315951511	0.633981142967096	0.474497195274179	2.01466384837406	13.7088007878189	9.19586505384062	5.72335126558227	0.455388794533582
GO:0010628.concat.fa	0.535845627215171	0.608548665596316	0.475747457047287	1.37402730675208	32.3479358011592	21.5510791468903	14.6235466594196	0.458238244540959
GO:0010629.concat.fa	0.539266853882972	0.616886557516028	0.470944015916949	1.12512610809303	54.703289125005	32.3104536131877	15.5097122835922	0.462659087533151
GO:0010811.concat.fa	0.542439723940127	0.605090974276239	0.454170909067022	1.79529920677601	9.85705497394388	7.19884806165403	6.82845795875981	0.447078764227499
GO:0010862.concat.fa	0.551599439240426	0.631619193270885	0.471039480896957	1.79801975243739	31.091129446385	16.9263312525444	9.1651229382443	0.455098933034717
GO:0010923.concat.fa	0.528898144934243	0.576859886613444	0.472910275796766	1.09073959041999	39.5935786885756	30.8215468626432	24.0117237125336	0.451810003906532
GO:0010942.concat.fa	0.553257344993613	0.655645082047755	0.472830270344712	1.10765703547214	24.2142910251066	16.9406135566235	12.4780970241887	0.476268934208028
GO:0010951.concat.fa	0.523817003730611	0.576060085272918	0.459242627646247	1.41318492314144	14.7419888058478	11.8303134440597	11.3715605426262	0.452464680971289
GO:0010976.concat.fa	0.528771244471386	0.602781128922002	0.478288068969537	1.67079014900523	21.0132650678768	16.0945965324447	12.07977783029	0.450042252606066
GO:0010977.concat.fa	0.560320113045014	0.666204703868259	0.473433580427859	1.34858858680145	23.4984768550918	18.6718486573033	16.7139253949486	0.47844189736204
GO:0012501.concat.fa	0.506211510277847	0.557464063603435	0.471718762923689	0.90382087603779	119.529320196037	78.3369681746805	45.6016490702873	0.447412944553875
GO:0014068.concat.fa	0.523500378702756	0.593922445004869	0.47276575599066	1.58655040325601	20.2044230838152	13.0238265312094	7.27014413394543	0.454099834948815
GO:0014070.concat.fa	0.528991801943645	0.610890927846246	0.474621969495071	1.56771425023074	39.132252945645	23.1557777269518	12.9477605726365	0.46087628715385
GO:0014823.concat.fa	0.53247117641057	0.618457300275482	0.471258639974761	1.3106733050199	29.2569381592297	18.9063440630618	11.2708172068536	0.458023268359651
GO:0015031.concat.fa	0.510165058981522	0.560639718364867	0.471893982933819	0.725775060147352	48.1047867428487	38.1484496686461	29.2800039563532	0.446091093120537
GO:0015758.concat.fa	0.495403487603781	0.508338360768767	0.467068871839855	0.703886678014307	70.1491623580058	60.3014511349637	54.2821367573849	0.434487133217217
GO:0015992.concat.fa	0.523138269963972	0.606247157997831	0.472749364058971	1.38716080660394	83.9352646385291	51.2579775816304	25.734313175516	0.458550298849466
GO:0016032.concat.fa	0.50617370633018	0.548120806042308	0.478012569833313	0.675577715362082	173.029065523001	111.9258866154	55.1204042991874	0.447767156847498
GO:0016042.concat.fa	0.520458836521677	0.599380143208293	0.469026835222788	1.62284501656514	12.6996273397603	12.8761668124298	14.2750723896168	0.461345140010044
GO:0016049.concat.fa	0.53581133090356	0.619731241131792	0.463383630735235	1.30093603205075	56.7452571956822	33.0867051005739	18.6457932598882	0.444820454979194
GO:0016055.concat.fa	0.541400196870603	0.606101780893889	0.477449398819517	1.05029458300007	38.064028732054	30.357687722411	24.7505742304905	0.455356507173545
GO:0016079.concat.fa	0.526771026115567	0.590414867365824	0.483704504670317	1.41827374305984	7.17565720297593	6.97468885522888	7.70249445991821	0.437579348191617
GO:0016192.concat.fa	0.513614729272041	0.586138895000794	0.473361866719244	0.782023262639595	57.8482731049366	44.3234384986636	30.8114069701846	0.44874467399179
GO:0016197.concat.fa	0.503489740225339	0.540740330062279	0.473842500579222	0.705990155652903	91.4028000550407	62.1778806047262	40.2927681501786	0.433779640685886
GO:0016266.concat.fa	0.551185348920235	0.601166738828248	0.471525508155392	1.22599794914722	7.16757001313728	4.40806334862767	3.40202743627597	0.523585880244836
GO:0016310.concat.fa	0.529764726954726	0.606945839462155	0.47731088178092	0.864239982615567	29.6067399085608	24.0947081968469	19.6771433119649	0.456343118068543
GO:0016311.concat.fa	0.514289112915217	0.573289321081274	0.468866371016646	1.14106320645021	26.3619205370378	17.9668397152132	11.5161849024162	0.436617119416098
GO:0016337.concat.fa	0.536108542700245	0.594794245434028	0.468920641098593	1.42459524462871	23.3712525530896	15.3937228255759	9.29197583997541	0.451763238948925
GO:0016477.concat.fa	0.534081825217603	0.605398906056588	0.475247686233576	1.47724957315915	26.0750822849455	20.3126791052143	15.9064936287435	0.460808404813168
GO:0016485.concat.fa	0.525908428802016	0.583417975670249	0.473118296944113	1.33396512105823	32.6716354156747	28.3237600857429	26.2509758436913	0.445959134244909
GO:0016525.concat.fa	0.535265960227315	0.591011940766629	0.467047818007931	1.55569640307153	18.5729024813106	13.8113664283319	10.1557120558913	0.456043297598614
GO:0016567.concat.fa	0.513523855745539	0.552103647231255	0.471410056112033	0.642175279139019	49.0442988376825	39.5951152101888	31.7999724980897	0.439321761657804
GO:0016568.concat.fa	0.507431288020905	0.532866211968743	0.475674588574244	0.735367330257747	65.2157441012324	50.6305786050331	37.437343442725	0.443830218969667
GO:0016579.concat.fa	0.476918480155371	0.494696479259001	0.474380398138523	0.50536376938947	71.6492739343634	49.1664362989219	35.7766779949138	0.429260594097177
GO:0016925.concat.fa	0.484344998847956	0.483487365914851	0.468822870212049	0.52326113386754	90.020513069344	70.6215212487356	51.5437800031208	0.425575848500515
GO:0017148.concat.fa	0.504648275444387	0.529966600307892	0.476855779770388	0.675333323576317	108.462337613518	88.4849798999142	68.640676769307	0.435612949480468
GO:0018105.concat.fa	0.515901671583088	0.574183999514677	0.481676996034008	0.681135521076863	34.6580388409861	27.5118250959506	20.9965661549673	0.454700163381368
GO:0018107.concat.fa	0.502873032485789	0.538478113648956	0.473181832639831	0.595189254322882	44.6154026010227	32.5876381452769	20.889483263632	0.432572128336648
GO:0018108.concat.fa	0.540361994107368	0.622465581382073	0.475280895197936	1.4686476627689	23.8308654399468	16.7201155412906	11.0969950847188	0.459789073925325
GO:0018279.concat.fa	0.500751140220046	0.551261267103301	0.471523514396393	0.623693035471111	63.636343117118	46.8150987305234	30.6995034375692	0.441298191036531
GO:0019058.concat.fa	0.491942711239622	0.510356955646866	0.481881379382451	0.536283410615711	499.607992638512	297.782526114881	105.473700281741	0.439676602601336
GO:0019083.concat.fa	0.486091055643418	0.491278736620138	0.484234984225877	0.318410771359391	568.317815717984	332.933354394952	99.8823429609998	0.437488215407056
GO:0019221.concat.fa	0.509169515619309	0.562434500690733	0.464867449892307	1.20178820531102	89.5446530995461	61.1516084871634	39.911629748111	0.448853434238318
GO:0019233.concat.fa	0.542146520855511	0.673795928900932	0.469450526102624	2.0961017194103	19.2420126121794	11.2480532484937	7.15041677156714	0.4573419517488
GO:0019369.concat.fa	0.553224584214095	0.683244924819527	0.47610803003509	1.58766777409963	19.1002058350463	20.5845351886714	25.6187771650906	0.480845294839176
GO:0019432.concat.fa	0.523376428141912	0.615867408298256	0.476644230879826	1.49990499473842	30.9813933019373	22.7428174695204	17.8795969529105	0.479982970917235
GO:0019722.concat.fa	0.506300325772942	0.583471633167374	0.461578096051521	1.29996025570103	7.53403492409181	10.9326190861272	15.1031416555172	0.435565915788912
GO:0019827.concat.fa	0.496180879759311	0.520483193277311	0.46987389955047	0.605322706582633	78.0268433243973	44.9700399005842	15.0034686003408	0.43225357213974
GO:0019882.concat.fa	0.548209807374206	0.658804784876266	0.456723068472367	1.12816879213133	35.241112239224	20.8811337494493	11.770067871961	0.474111217413783
GO:0019886.concat.fa	0.498364692754627	0.547566827723817	0.469000516195261	0.644459769792714	61.2419983873391	52.1183608321625	46.6475704953202	0.445610263131651
GO:0019985.concat.fa	0.47596088967404	0.497147694232822	0.47425945130985	0.561318401972691	199.696602508667	132.492323166926	65.2880438251845	0.432399380480612
GO:0021549.concat.fa	0.546468443836865	0.643403964456596	0.483682727954149	1.38031929938483	27.5566859517751	20.5600094454032	16.0380996882084	0.457911114708013
GO:0021762.concat.fa	0.533543092662104	0.623537204680945	0.477948301224131	1.06955155928623	113.455911187509	79.9958373167059	52.8917051409029	0.466827513923498
GO:0021766.concat.fa	0.525985960716579	0.594122987665803	0.475537506211294	1.11393483912398	60.9845089095314	36.4504050349014	16.3638310872214	0.448979487231528
GO:0021915.concat.fa	0.563584637268848	0.639479155268629	0.486184669089904	1.81673365794945	16.1771625775737	14.916378910755	13.9581083263286	0.476791125763098
GO:0021987.concat.fa	0.499116428950493	0.5183252088565	0.471573240416097	1.19531241157451	37.7701159290511	26.7805731686326	16.5281082715294	0.411057426892274
GO:0022008.concat.fa	0.561221389507798	0.631506988049423	0.479822290071648	1.15831228732023	20.8784488518713	16.0313820329209	11.6084175977319	0.457611078137659
GO:0022617.concat.fa	0.566135427831761	0.558406986347103	0.468968776900152	1.75508588605808	15.187607485429	11.5913987938936	8.7787485056787	0.458644486054575
GO:0022904.concat.fa	0.525045576872992	0.572749370605087	0.475433373776242	1.05456224064589	178.239909119073	108.409314415651	47.1433338017685	0.462072497374819
GO:0023014.concat.fa	0.511176963750612	0.569489752720572	0.465398153276716	1.44157747839729	24.7502355621934	16.4561763292798	10.1913155125569	0.441424191464825
GO:0030036.concat.fa	0.545884155526671	0.629724634811875	0.483588059336057	1.13740313123133	31.9118907937519	22.5982988243749	16.344348386232	0.47128757787146
GO:0030097.concat.fa	0.52064907067529	0.578168152420905	0.473319883549956	1.31948555124361	37.4869171483295	24.3532959987495	13.9098885319474	0.442545624353598
GO:0030148.concat.fa	0.513170909469519	0.597532406684367	0.463306884107353	1.0188539044198	26.7325646921948	19.608899145846	12.9533667000634	0.443633094451144
GO:0030154.concat.fa	0.552954815625625	0.62573781115231	0.475903466565732	1.48897886225493	33.3237442151254	25.1672517760223	20.768454220854	0.469981179953443
GO:0030155.concat.fa	0.538674681224756	0.607182406212956	0.472472094630698	1.26976472371049	19.9415100890522	16.173879355932	12.5837365901367	0.464000815215414
GO:0030163.concat.fa	0.515161069945872	0.586480317563001	0.483943091667309	1.10967615260641	61.2687686874641	40.9464515250716	25.0390815742832	0.458846828152752
GO:0030168.concat.fa	0.528142357148292	0.604413946587537	0.474344823972428	1.37284706759302	30.8566803129869	21.3011561708355	15.0976998996674	0.455032570150555
GO:0030178.concat.fa	0.57652980027055	0.67461404307379	0.486395169646191	1.49863469101543	21.1080151052544	14.7871364969105	9.36565524907741	0.493117771130136
GO:0030182.concat.fa	0.56907300428576	0.674561247032672	0.482932136946114	1.43686517535971	27.2893502692982	18.5724575161237	11.598166747135	0.477857978138903
GO:0030183.concat.fa	0.511831005635479	0.566916937939725	0.454333679473866	1.78859243851805	18.346839560641	13.0057163685451	10.8258817755009	0.437808128061336
GO:0030198.concat.fa	0.554688789228962	0.587888406767815	0.470620872306294	1.70911578529493	17.6566147209585	11.983501457716	8.09716233874682	0.459539639390115
GO:0030199.concat.fa	0.548749989750654	0.515287924630409	0.469990892474829	1.87678292007614	14.9473597827554	13.5092847645113	13.1749990304535	0.43494499044767
GO:0030203.concat.fa	0.558932376359762	0.655755859594034	0.477330299294344	1.31403087781765	11.2009912369626	7.69889987645097	4.96710717418845	0.474682821337787
GO:0030204.concat.fa	0.573273174131543	0.654891603389458	0.480606722680615	1.24447519258281	8.24512354578541	5.64460194259207	3.46100938851157	0.484990078880178
GO:0030216.concat.fa	0.534202846457333	0.596960127346017	0.458133085419851	1.79197187185638	23.1653875068374	12.8251365402112	5.17064817121275	0.441822926354944
GO:0030218.concat.fa	0.530523422288398	0.579200549765204	0.478625171190746	1.20155746915094	51.8536899272305	32.4096616302957	20.2963787157355	0.451866101516298
GO:0030282.concat.fa	0.544966957188009	0.638779810362992	0.475589661247883	1.35844965999425	16.9736931055954	9.84587677428251	4.86720537981446	0.477263891255715
GO:0030307.concat.fa	0.514192348472997	0.569093184543985	0.474791446238589	1.02052080153172	63.6308029321472	38.8480850025935	21.1958649951973	0.442908595713175
GO:0030308.concat.fa	0.551297364319922	0.633399310650787	0.475963931277622	1.6320819813671	61.4498188547919	38.0455878221259	21.6959898715061	0.463397637101455
GO:0030317.concat.fa	0.492294750533712	0.568562582177546	0.469625313931157	1.29420013360478	26.5827130816239	40.1728180400055	56.107527988557	0.441684526743874
GO:0030324.concat.fa	0.558805196828921	0.644349325074505	0.475879873516496	1.89759245602758	23.6151300540242	18.6138446608136	15.2690627248407	0.479294867741207
GO:0030326.concat.fa	0.554355909135553	0.635602138317128	0.481328852348605	1.42347719829945	12.6849618665775	11.6478277823044	11.3812054415049	0.459335091124662
GO:0030334.concat.fa	0.527725778288159	0.585081748621166	0.471101132455018	1.60666347848711	16.4635770310934	12.0607658577907	8.1893286723099	0.456119299380801
GO:0030335.concat.fa	0.532032134176886	0.608025723514618	0.476229678815037	1.63914008573542	36.3834537813308	25.9263974330798	18.0032638448809	0.462070820014683
GO:0030336.concat.fa	0.551420058214636	0.645648542050602	0.47861955579504	1.4417580630716	16.9336312265269	16.2336926119563	16.4001611753735	0.467872430352102
GO:0030433.concat.fa	0.506372423231546	0.55317277026284	0.475424196869776	0.546406408043821	111.253588179616	86.6032513825612	61.9529145855059	0.44779724593688
GO:0030509.concat.fa	0.532561209001518	0.594674321916452	0.467836355110671	1.76295941950075	34.7777777029614	21.1076399239097	12.3752608431598	0.446378288154286
GO:0030512.concat.fa	0.53820926290324	0.610641179627405	0.487051969656787	1.36471149472285	125.158147449996	84.1202376168506	46.7289940763862	0.467898572034394
GO:0030514.concat.fa	0.586039338919926	0.688853002793296	0.470098137528512	1.94688765255838	18.1201665539438	14.2897599735534	12.1581190075951	0.483472386374947
GO:0030521.concat.fa	0.491057006657999	0.499202221959579	0.467232814872866	0.304067453610684	83.0758892008492	61.1674991048855	42.2690990911551	0.431315446221696
GO:0030574.concat.fa	0.575212393803098	0.524499432526727	0.46740145150119	2.06251707043674	14.5668369738242	9.21977658098075	4.95180988562208	0.4567315577502
GO:0030593.concat.fa	0.531399421957619	0.642985575578375	0.461436469655183	2.19108726575299	11.1276933196541	7.07306811902209	5.48647295616567	0.452738393387683
GO:0030819.concat.fa	0.5469135083736	0.673109390463993	0.471944110762477	2.18075857250975	6.60319222913442	15.7518469564525	25.811847228146	0.477301766482441
GO:0030838.concat.fa	0.5254206881705	0.593017832155287	0.483519384314284	1.77662661906641	41.5053041423707	26.8716543093225	14.71006521598	0.444366089230533
GO:0030855.concat.fa	0.555099968759763	0.635162839737582	0.474946852013535	2.22126739356487	68.9660404880343	34.9438200960393	8.23976527727726	0.473827332856864
GO:0030890.concat.fa	0.556445603576751	0.658345752608048	0.470591147502207	1.93787748385494	16.3825217362876	7.99110713456504	4.78281152479389	0.46117129184579
GO:0030900.concat.fa	0.537147728511811	0.599681803312814	0.479463413938375	1.57194107201726	26.2730927994189	18.9143691545794	13.8206705815119	0.455765653250982
GO:0030901.concat.fa	0.563207040521109	0.663582973857908	0.48308294891521	1.43298102489476	26.232766013213	20.5672796950274	17.8185756075325	0.480175049370816
GO:0030968.concat.fa	0.529313819459805	0.598374253483743	0.479228772986482	0.71164798532773	79.3468683585933	56.8306593818757	35.9345388666003	0.468494886070303
GO:0031018.concat.fa	0.585441867835825	0.69267339284771	0.482584260002997	1.51120814008769	11.8576373225036	7.66371179325608	6.5250711119257	0.475896932712209
GO:0031100.concat.fa	0.535399210887973	0.60351110520016	0.47645319697184	1.5348128926719	20.757410541852	15.5471343226249	12.139017646119	0.470465775445268
GO:0031124.concat.fa	0.507428789376051	0.515317002132418	0.472822916853048	0.43878553076403	139.706012918402	96.0266199532027	52.8280565451571	0.448803665868476
GO:0031145.concat.fa	0.482986692166707	0.517989481233564	0.472674559943496	0.446129483255039	243.099914022017	166.803610938048	91.0679099774159	0.435298544517629
GO:0031175.concat.fa	0.516490839677412	0.570865430230194	0.475567908860065	1.25944183181756	31.4624423386943	25.071765168917	21.1937658903096	0.444550239567744
GO:0031295.concat.fa	0.510256858291106	0.586056264197099	0.471973609952397	1.75391862599732	41.0616983498421	21.8609076827305	11.8415156680179	0.452144531295637
GO:0031397.concat.fa	0.512459047084152	0.588037068239259	0.47774295305605	0.965707121595058	67.0574777744235	51.2517387896017	37.9300434083615	0.452419654233687
GO:0031398.concat.fa	0.499796410561594	0.536630438187114	0.473154680176128	0.611617823343849	89.9832731980614	55.4629028179266	26.141723145285	0.440232833063409
GO:0031424.concat.fa	0.57977450239355	0.663832199546485	0.45218442320644	1.99927122538822	11.0861639861699	6.12038573606024	4.43265242349897	0.453695073009935
GO:0031532.concat.fa	0.531390425725344	0.615834177511104	0.474974265246528	1.26446633213152	31.9709481255395	22.5785508677574	15.4997477676872	0.465463594749488
GO:0031647.concat.fa	0.531537191711632	0.584559095276813	0.479222578131763	0.94149770493015	81.7282469956303	53.1251201711274	27.6113064629816	0.446448860475152
GO:0031667.concat.fa	0.559510110143022	0.638829524905474	0.481195410792712	1.77714519151734	26.9913198947327	17.1682705162422	9.64690715938965	0.483545885000126
GO:0032024.concat.fa	0.57353169871961	0.68990721061635	0.472710841391241	1.53921854009959	30.774063767499	22.6008896303193	18.7476659717249	0.462099408574992
GO:0032088.concat.fa	0.531340450771056	0.601921708185053	0.476148108139671	1.13952604286308	45.1719760319193	32.3510546681309	23.9934064046142	0.458923427233219
GO:0032091.concat.fa	0.516660234143831	0.572962352198169	0.49036720615899	0.924462548682502	62.4650304642968	39.91210393684	24.0547553915039	0.468321218110369
GO:0032092.concat.fa	0.530198028088853	0.592075528549189	0.474862793876588	0.702107008051363	52.351410746913	35.3413282199602	23.6863922984333	0.455504109310926
GO:0032147.concat.fa	0.501085474017222	0.549717938164298	0.472246112598371	1.16376916437328	40.1201224953593	27.7758130707018	16.8337929231958	0.440384335993499
GO:0032259.concat.fa	0.510088686593778	0.558555788731074	0.4675959409445	1.05334149402905	44.6634088074423	30.7206132224078	18.2871527404115	0.449227569272717
GO:0032355.concat.fa	0.535277713084553	0.605761479066268	0.47601295392482	1.82031379458607	43.1559965504286	27.0403009845952	15.9388454061545	0.467311875312167
GO:0032436.concat.fa	0.508148954177246	0.560391730141458	0.480671168785896	1.32556564020042	70.0105758834022	51.9436646627087	35.8625448943481	0.446506060994752
GO:0032481.concat.fa	0.51651228352799	0.573499798630689	0.480102236938826	1.10298730925851	135.854351155049	84.8067633682422	45.3798018066364	0.455846902512717
GO:0032482.concat.fa	0.533612455367662	0.636235115001903	0.474067855147259	1.0312921972704	31.4651362120497	21.2894138160005	14.0404432480113	0.475647142501187
GO:0032496.concat.fa	0.539680661396949	0.631549675770341	0.468288853216728	1.87006386246649	24.7372373591033	14.7790035988582	8.03176048509489	0.471042995163158
GO:0032508.concat.fa	0.466533529535421	0.476392684464999	0.463077787799752	0.399256546142527	88.4881156056919	62.9484384714255	38.0542390776505	0.423612489988906
GO:0032526.concat.fa	0.552196992037747	0.625737245650251	0.478895486052336	0.857764464759658	37.3086695205884	23.6568016778679	12.285152578333	0.464461211303177
GO:0032543.concat.fa	0.504692568655127	0.534507094569497	0.473008263242804	0.426109003788723	86.4185313427429	58.5631274281715	30.7041261044385	0.443279626204195
GO:0032729.concat.fa	0.52695076863203	0.597781669585522	0.456827376196199	1.17539622786305	45.3299384760833	21.1563240236498	2.89394579185528	0.463718762368951
GO:0032755.concat.fa	0.513205828779599	0.596354166666667	0.465146358491036	1.1248556407165	48.5565444108888	22.9320552108685	8.90388659526531	0.454392580803427
GO:0032760.concat.fa	0.52277512233982	0.600375554796859	0.463453989680589	1.33899505636348	31.0896251142274	24.6290575687688	22.5987347358371	0.461958573324491
GO:0032868.concat.fa	0.544954448875047	0.632243793113485	0.47341821037515	0.937332610530605	32.5386921308009	23.3777879034053	16.1707064768805	0.463984796112288
GO:0032869.concat.fa	0.532444065849676	0.605269781038856	0.477619062914409	1.04157549416297	34.910162930378	24.3984897307406	16.1658142543959	0.453110546102187
GO:0032870.concat.fa	0.519331113651046	0.600009938875913	0.457300566435238	1.3936846295284	17.919298056449	10.8446405510001	9.38056166199341	0.435463734191238
GO:0032880.concat.fa	0.504764306933468	0.540272406255255	0.472510848231298	0.944453251705292	71.0174144927186	51.3220076142787	32.9118416301662	0.444370050611376
GO:0032922.concat.fa	0.520086223789928	0.559602948491837	0.474252277666828	1.30010461719351	38.3939756080418	30.5981850684511	25.1702831022568	0.445338340072415
GO:0033077.concat.fa	0.529558758559753	0.593190854870775	0.473722945846958	0.923765656063618	86.6158859671332	46.2912283815018	14.8742598638124	0.451350667676056
GO:0033138.concat.fa	0.496168148013786	0.530314710683838	0.46903106829436	1.09977746009432	49.0025014265491	29.3445299767537	12.3393173420291	0.428907667289987
GO:0034080.concat.fa	0.444702097434612	0.433379293055904	0.456944335109954	0.226505208072199	142.445429128241	101.732418529181	64.4230112686735	0.414669333974216
GO:0034097.concat.fa	0.535917878806321	0.588673848213742	0.475812209862239	1.15122333698497	28.1325201112039	21.0143308727871	16.1663688956162	0.453403660682973
GO:0034134.concat.fa	0.520685206028495	0.584484036566283	0.469960812065744	0.879440774700085	116.531040950784	75.2763142636754	38.6371527897145	0.4551168250875
GO:0034138.concat.fa	0.528207732739995	0.600222501692948	0.47474844367166	0.976107966528006	113.830844642302	70.0874713559779	36.0869826251099	0.465745810677214
GO:0034142.concat.fa	0.521816743412378	0.58928535204982	0.470399140127521	0.986031377162911	97.9097215796952	60.1857187300237	31.1700907384613	0.456654449041305
GO:0034146.concat.fa	0.523005128205128	0.586738461538462	0.472618930755273	0.833523243076923	126.246168905443	83.4633295503599	43.2093926370344	0.456879146028376
GO:0034162.concat.fa	0.526947714391119	0.596368490858525	0.475863903522994	0.9397602736625	121.873678621299	74.0997247410482	37.1137746634683	0.46200909445411
GO:0034166.concat.fa	0.523005128205128	0.586738461538462	0.472618930755273	0.833523243076923	126.246168905443	83.4633295503599	43.2093926370344	0.456879146028376
GO:0034220.concat.fa	0.526169165292268	0.63692715379056	0.471943012037247	1.79279075777323	28.5031369560546	18.6896310467551	12.725577798195	0.458168649534048
GO:0034260.concat.fa	0.525021014885988	0.590576818718677	0.474715138101432	1.17425592938998	40.015425276	38.1592087300035	37.9175578158538	0.456795393804084
GO:0034329.concat.fa	0.548992531731511	0.629992750371112	0.473531692227479	1.16141388649152	36.7413817905171	24.9293289051861	14.8724681156238	0.479472969399252
GO:0034446.concat.fa	0.543560321608443	0.608813192754799	0.469717165102445	1.30000326514674	16.1087385348377	11.5468146233313	7.77630094647365	0.463714152014061
GO:0034599.concat.fa	0.525559856372711	0.590872265730489	0.469462781734772	0.935204674888229	67.5319888689461	43.6461103856683	22.7369322249063	0.443142399585582
GO:0034605.concat.fa	0.494149478196704	0.51438912119189	0.469203125375929	0.496075256220831	150.871195638035	106.169396386413	64.271545629199	0.429644184165634
GO:0034613.concat.fa	0.511320674567775	0.553816745252963	0.466052741732943	1.06464676691729	52.7353316693522	34.7589799844718	18.3345557641046	0.426795659905874
GO:0034641.concat.fa	0.518886295345808	0.58169015900855	0.469455805257298	1.14070353815813	71.1467644416574	48.0553789348937	27.6583349059441	0.455204381792558
GO:0034765.concat.fa	0.545917967985597	0.680247348440374	0.477830288351789	1.72670584937007	3.95616239753365	3.81461437363578	4.42437349336288	0.465244989848022
GO:0034976.concat.fa	0.517619557034748	0.568596220135504	0.468137578660246	0.979255414239867	81.4578359081712	55.9963653516244	30.4132977431436	0.4447830770197
GO:0035019.concat.fa	0.554473602644901	0.631625167889245	0.484361782711086	1.25800023762785	29.1656597608493	19.8778231549597	11.2981103267124	0.475211657847373
GO:0035023.concat.fa	0.548425455425352	0.633985205026599	0.476932688099753	1.47582452556914	15.1393477154641	12.3931808191823	9.73930723745428	0.465044841019904
GO:0035094.concat.fa	0.559675697196735	0.701286714805364	0.479119869501557	1.8686617514523	26.6325444803794	10.4162842430465	2.52567638195692	0.490294855141298
GO:0035176.concat.fa	0.5497025797627	0.644590768839266	0.480713578554566	1.41738176681907	27.5163987166449	16.9055554948939	12.0164636619748	0.465944730622008
GO:0035249.concat.fa	0.546498805366661	0.662684555535135	0.479789101348371	1.81011080377382	5.50491378768299	5.26111804139791	5.54383897237218	0.454244386654883
GO:0035264.concat.fa	0.508911470850158	0.539189733204836	0.471928359394657	0.646309414569667	47.6887085477766	35.6157382525698	24.5798549105129	0.438544165816798
GO:0035335.concat.fa	0.508398401189812	0.558951477969883	0.466175720640435	1.28652856903157	24.8141916319793	17.2750774727499	11.1451486492861	0.430431719124085
GO:0035556.concat.fa	0.528604472626846	0.60111004856342	0.47462027445467	1.19014867711233	22.6713014947011	18.0479543271567	14.9675977209396	0.453299776346849
GO:0035666.concat.fa	0.524022876419893	0.591861476425164	0.473962559720179	0.922921532298448	120.041507300884	75.6560983914661	39.1646529305848	0.464360782034027
GO:0035690.concat.fa	0.54147304093195	0.616652874148577	0.47041199340976	1.05597772614425	25.1487126065824	17.0030526315982	11.635191399432	0.471637964654431
GO:0035725.concat.fa	0.520231843161846	0.626159433543229	0.470290580861847	1.98483991978679	8.48848199840686	6.07464563683181	4.60972810132693	0.44623893508351
GO:0035872.concat.fa	0.513561127499181	0.587962962962963	0.467751654217874	1.01814971068754	180.026889544197	113.970600188228	62.1096602662747	0.447880943288377
GO:0035914.concat.fa	0.595500796861591	0.69209268113277	0.482644330289834	2.3610056617756	26.0859509214318	17.0190131397041	9.64454979340801	0.499906682108405
GO:0036498.concat.fa	0.546522847537504	0.631219720283982	0.485003925302035	0.679333699990859	77.4195888549238	53.1204907257711	29.4627582558538	0.484674718044838
GO:0038083.concat.fa	0.534915634843901	0.629354707918785	0.478040339094007	1.98887978978885	26.6179774021385	15.4419359912677	8.11791763332159	0.463645637017516
GO:0038095.concat.fa	0.522137342645122	0.593102286131551	0.469954241652504	1.18939679954976	61.6066672335765	40.1516790101812	23.7337577105056	0.44774339534734
GO:0038096.concat.fa	0.519610373281983	0.621662398507137	0.477441657586957	1.60133021459909	158.715035208888	95.8923220302294	40.6600279496791	0.458003125877973
GO:0038123.concat.fa	0.518835308270107	0.581625983916342	0.469218446829114	0.860673987667301	119.78800197021	77.3831308427887	39.8918931552702	0.454489936391478
GO:0038124.concat.fa	0.518835308270107	0.581625983916342	0.469218446829114	0.860673987667301	119.78800197021	77.3831308427887	39.8918931552702	0.454489936391478
GO:0040007.concat.fa	0.566820729668601	0.664077097059691	0.469402981589247	1.44199928213197	47.1930362248395	25.083415091059	12.20219004	0.457162610189926
GO:0040008.concat.fa	0.532326724523154	0.588336978762436	0.463719182898592	0.851582184435194	115.774094910709	77.700381891983	51.1573938705602	0.454175784067946
GO:0040029.concat.fa	0.521653951210323	0.569351040783649	0.467547546394918	0.61398609588396	66.3238442491742	45.6056886933441	26.1860060656069	0.456270466538647
GO:0042060.concat.fa	0.544064913348991	0.617696523327631	0.469889303665012	1.56287789550817	23.4948584495878	17.5432421823699	13.2846077800745	0.461179788411777
GO:0042102.concat.fa	0.526831147780568	0.607915819681932	0.459257482941292	2.16656282180007	22.8471391728518	10.4683128957394	5.29387757925088	0.456739592602263
GO:0042110.concat.fa	0.517326645236497	0.592391112367092	0.468456334263177	1.59957572856689	40.115947160687	22.1155413082015	9.31893273731938	0.441809762503854
GO:0042127.concat.fa	0.538035640281807	0.610153336096146	0.47650975108957	1.22335700298567	37.9621913210275	26.0905255233527	18.193393357735	0.464194197778256
GO:0042147.concat.fa	0.504932421568349	0.554776835116193	0.475471151907918	0.386504057279236	59.4363086235768	47.4898328039548	34.7024461971825	0.43561093883579
GO:0042157.concat.fa	0.546311718375067	0.642774468565621	0.486845627292549	2.13097460124778	5.35543882064015	4.51532655380473	4.05317767379709	0.481746256744916
GO:0042384.concat.fa	0.486433813260202	0.509552715565368	0.456724665693878	0.52462190192033	41.3173225876074	49.5571663327762	57.420787562601	0.432025167893964
GO:0042391.concat.fa	0.528136656035461	0.634834315368398	0.465294543648396	1.79534114911261	7.18407453075381	6.83831274093024	7.39153455907801	0.454394070584944
GO:0042472.concat.fa	0.565888638348874	0.658378532106365	0.481310012461944	1.60974839214252	12.1723186199213	8.10862791211429	4.6578868712664	0.472427689705205
GO:0042475.concat.fa	0.570942174592543	0.671323318342742	0.477639782162076	1.43501096067362	25.4991542009399	15.6762051189166	8.8688745726331	0.480816106445903
GO:0042493.concat.fa	0.530605886039948	0.613947371281371	0.472944749201718	1.44634016116114	46.5778858058061	27.3910308094485	14.0508114627164	0.460015577686274
GO:0042542.concat.fa	0.533985841332225	0.583364825032122	0.474629866373369	0.996581887234525	69.2490785833722	41.089804414224	15.6105312326721	0.455498072891123
GO:0042552.concat.fa	0.526118580559841	0.603592682389244	0.474095401639993	1.09105947028139	26.8159187260544	17.2158610360025	9.9878822634563	0.443880722130619
GO:0042590.concat.fa	0.504400496407874	0.563240769204495	0.47030148024503	0.964581105942794	244.792571161172	157.58216071297	84.8989768517112	0.445229500980981
GO:0042593.concat.fa	0.544319411164023	0.638342078922624	0.476398884492938	1.4346775817293	37.1211613532222	24.0638818370734	14.6157429867354	0.452370050224217
GO:0042594.concat.fa	0.519280205655527	0.58407121774731	0.466356497146609	0.890650935307872	45.7586707983126	29.4303921412744	21.2393766931114	0.450775353418079
GO:0042632.concat.fa	0.524625056061055	0.61526533032314	0.475253307920901	1.63102297522929	24.7102919026951	17.8764952758447	12.7368028442739	0.463388381050604
GO:0042733.concat.fa	0.551151872475161	0.641090730429086	0.47735283937187	1.1753758243258	32.6638645441052	26.0227130979021	21.7968474102419	0.457141037971088
GO:0042742.concat.fa	0.530918774614754	0.598842280548727	0.452874653244256	1.47706306597415	18.4544769358068	11.3721649938973	9.50893452796168	0.475788070195589
GO:0042752.concat.fa	0.506480967934102	0.548499414555987	0.475431564423033	0.791796567449313	76.8213929316602	52.7985484386795	32.5496441737762	0.43810862905183
GO:0042787.concat.fa	0.495230542154077	0.523270107725861	0.461596415174576	0.578343560621263	72.7294970588629	65.7645994966837	62.0076634927019	0.418703715833123
GO:0042981.concat.fa	0.530262993199171	0.602012433417243	0.475603146700217	1.1908106229402	79.322947146195	51.0354038530789	28.5507659504086	0.454819388335244
GO:0043010.concat.fa	0.536511193891132	0.596640717360755	0.471780343673891	1.29043381365573	14.9957617750263	14.4515654615598	14.8928858214061	0.438651970153258
GO:0043065.concat.fa	0.527023492696306	0.594672769145095	0.475443962706	1.2836232905478	67.3783874755571	45.4976844791281	27.1913005574055	0.455234600689918
GO:0043066.concat.fa	0.517868586656955	0.571560143859195	0.47275748168249	1.04326245096181	85.1687695229963	54.503650715674	30.5151187276283	0.451374415864546
GO:0043085.concat.fa	0.511268269684111	0.556916548797737	0.476802261905687	0.861067779349364	57.5060150536223	42.1135121038355	30.8846815755689	0.44879836527007
GO:0043086.concat.fa	0.538541666666667	0.597308168316832	0.472505921963632	1.11957520420792	52.3769073748435	36.0620034093082	24.5547422443369	0.469838730033656
GO:0043087.concat.fa	0.521442833360995	0.588529957602185	0.476478747524756	0.861534752629117	40.3637913127958	28.7917048853919	20.8822441193058	0.449980698403736
GO:0043123.concat.fa	0.529596046236164	0.59870113956623	0.471684700457108	0.99344952500338	78.5239429337924	48.3780659400201	27.1811920042822	0.459827055690296
GO:0043154.concat.fa	0.540734049315802	0.625288567700492	0.479401524245811	0.932192105791428	51.6734095577058	29.5341899240041	13.2957849219285	0.469122793700677
GO:0043161.concat.fa	0.485379349971271	0.508882620494406	0.472839604112308	0.587573570882398	82.2024569860937	57.3389616267621	38.6326208565622	0.434070655771168
GO:0043200.concat.fa	0.505125330994038	0.580827525707881	0.463469419737198	0.986937662654126	43.3116125474336	24.8838252062841	12.7082429611674	0.438940122071955
GO:0043280.concat.fa	0.534518828451883	0.622439991191367	0.483320407251965	1.3257637800044	61.7056992750076	35.9492074117363	14.6735467169155	0.463279556840924
GO:0043401.concat.fa	0.554253272428974	0.657165114549768	0.47216867916685	1.42741364328459	16.625748284388	10.5636899780446	6.28445400149339	0.45499338101193
GO:0043406.concat.fa	0.514760186533308	0.58343356333481	0.464858247692456	1.68410053174653	9.9192587777142	8.18345593733003	7.50193346601371	0.439880361884876
GO:0043407.concat.fa	0.530008766605975	0.616882460044508	0.481743017986776	1.18299881145054	32.8976080024779	21.4099846265596	11.5313025281244	0.466124280660925
GO:0043408.concat.fa	0.546481051817479	0.636301981081563	0.468969523955575	1.49350072818133	34.6248969214436	19.896637947334	12.8382503775476	0.445497468627531
GO:0043410.concat.fa	0.545902547065338	0.650269933554817	0.479260394985435	1.84287145556478	17.13810657658	16.4807786326118	17.25967129681	0.465791089012199
GO:0043433.concat.fa	0.554477792406696	0.640486874277884	0.482310968997842	1.18221897251256	38.2485788737337	27.7480944925342	18.1972214953615	0.470796772834761
GO:0043434.concat.fa	0.54832364598393	0.628654884489423	0.47163193371533	1.17835930723158	23.6961179549764	20.0754654332692	19.3000121560366	0.466870069249174
GO:0043524.concat.fa	0.532699711260828	0.608602021174206	0.475016160445704	1.11949060374672	42.8856369138309	25.4217187477572	12.0798344689801	0.466346518413019
GO:0043525.concat.fa	0.527790521226665	0.591664608109539	0.479886378949305	0.942447249179518	29.5654376078818	22.8294751431937	18.5346187718911	0.461845621201629
GO:0043547.concat.fa	0.532291270626606	0.606618029165967	0.476603597145131	1.22081994125758	22.178961776958	19.2823510719608	16.9000564150902	0.457837034251933
GO:0043588.concat.fa	0.574114075194105	0.636479821435	0.481525044886593	1.71276492061778	36.3944676142267	24.1303353078307	13.2897760677433	0.478427418851094
GO:0043627.concat.fa	0.553031275403243	0.636738972318487	0.472476040094943	1.48926798779828	28.8252401832822	18.4555513130173	10.990668830535	0.466409375656992
GO:0043647.concat.fa	0.533110518300473	0.628798331953515	0.480276193059316	0.810130875473379	20.8742694266601	21.1837825557387	21.8830920875045	0.475427265377658
GO:0043687.concat.fa	0.512171748076058	0.547063337121322	0.470900932045006	0.788075397859772	59.405212259011	43.6864900581046	31.2347335694711	0.456706296097536
GO:0043966.concat.fa	0.509650126798178	0.539284992930721	0.470829183282609	0.405754622256076	42.5875966144376	28.8826363726624	15.3061580875633	0.437739168063286
GO:0044237.concat.fa	0.511325395747506	0.551384115977477	0.477112208698279	0.661882817368997	129.721621406002	81.6980437803763	35.3781751842126	0.451115764872853
GO:0044255.concat.fa	0.515688648751319	0.576950863375968	0.470372890291014	1.07381994362872	37.5617171001863	27.7731027670412	19.5220763956675	0.455406919891321
GO:0044267.concat.fa	0.514703538094897	0.562390904091246	0.476121830656177	0.804758070767178	165.021896652477	100.623741828496	45.686729607256	0.459511730409243
GO:0044281.concat.fa	0.525901863950177	0.60231479798041	0.472412311243898	1.17582393571495	54.7332429289267	37.0576357658015	23.283865999426	0.459083871150381
GO:0045071.concat.fa	0.526401476094861	0.603462310739675	0.479763055558085	1.57734536278287	18.0949053019031	16.6736525109869	17.8547498189439	0.459650510812271
GO:0045087.concat.fa	0.522694473190036	0.597145974232916	0.470769256337906	1.21998895973263	71.6113388917819	43.4851007451217	24.3323330006757	0.455515549107044
GO:0045165.concat.fa	0.586821681583777	0.696490634515425	0.479330927750507	2.15070970040133	7.5156803815039	5.80634021248155	5.08890434380163	0.482441260461193
GO:0045184.concat.fa	0.498655993675264	0.520515861251112	0.465375559824324	1.1031204770017	30.9010890731765	23.6986996991032	19.5781740558976	0.431422639923426
GO:0045216.concat.fa	0.510643957341047	0.559412483479215	0.467327740801627	1.25814499638413	47.2597763019813	27.4792058555672	15.1315525218584	0.433524440258779
GO:0045429.concat.fa	0.51886218186006	0.618626918710824	0.464247752907547	1.45652366122107	309.175422451505	162.057706533849	85.6599979934032	0.457642619357412
GO:0045444.concat.fa	0.511204086347186	0.559665289150132	0.472378377426803	1.04635291133313	51.1146112770578	32.7728204659311	15.8048934977848	0.434241396960039
GO:0045454.concat.fa	0.495790965674493	0.527787021630616	0.46579449963266	1.41274276945831	105.190072315366	61.1221398233284	25.479159666857	0.440961515522972
GO:0045471.concat.fa	0.550014628048618	0.660755605202266	0.473731870351736	1.47538388542167	35.9020075263149	18.9962837566198	9.84075942833601	0.469838154421038
GO:0045494.concat.fa	0.487603992088297	0.51125605834126	0.46464765526307	1.06194320333379	33.4020655578563	21.0920176075945	9.05585599196755	0.422107837840523
GO:0045595.concat.fa	0.559789343246592	0.628168300101386	0.480300214420318	0.923755694491382	28.1068387699984	18.7606304595206	12.9049852727121	0.475769005917444
GO:0045596.concat.fa	0.566924817350915	0.67822862781449	0.474067796466097	1.89519983253897	49.7532137888332	21.5321693900089	6.79246717938417	0.490153821305949
GO:0045597.concat.fa	0.55401760049529	0.624596471056472	0.483735219067791	1.25053219939995	18.2001145354042	12.5258851889517	8.82147827039738	0.468220814480915
GO:0045599.concat.fa	0.559969473007712	0.637170629820051	0.489713942963586	1.65348666854113	24.7971266422991	17.7820058402242	12.6155140166241	0.478284516532251
GO:0045600.concat.fa	0.551770437718188	0.656865001726321	0.465230713642188	1.40088673610312	20.2728349598118	15.1152546182578	10.9048629748561	0.450831647147103
GO:0045665.concat.fa	0.55188397708687	0.636699765132665	0.485417736573236	1.7838164322534	28.3865763055782	20.9465526476751	16.3913831855991	0.482323330229794
GO:0045666.concat.fa	0.5639554587267	0.644686516581942	0.472835014563357	1.6176374941859	35.2701035136313	25.0748136110729	20.9259569614511	0.468650574803928
GO:0045668.concat.fa	0.600223064911889	0.73459736783404	0.480921574149404	1.93761101824391	18.2797280006102	12.9959105693931	8.65284071837518	0.517017825034173
GO:0045669.concat.fa	0.54492486967188	0.612498357208569	0.468106674008535	1.13908473752973	68.5830122884363	38.9930603037095	18.3445448340918	0.432467762706266
GO:0045727.concat.fa	0.537960776019083	0.602247913882736	0.470755759850609	0.602877308707124	120.178169931451	101.294312881532	84.6856727931397	0.452498792404906
GO:0045732.concat.fa	0.511972789115646	0.556209912536443	0.471735319894829	0.670809143087615	48.0491512148099	34.6170433744292	22.768390337598	0.446111919447317
GO:0045740.concat.fa	0.542220203625904	0.639661632792097	0.480807546049106	1.55598036788918	28.8964010864243	19.7935348246515	14.6188427676782	0.473072512218655
GO:0045766.concat.fa	0.542359475619618	0.630779310466949	0.471871423772762	1.94823911061258	17.6382055024929	11.0648733294007	7.01534153880392	0.455559443053475
GO:0045785.concat.fa	0.538080119858738	0.612064352727143	0.481060988009109	1.42968219241608	19.9570562704181	10.8794128515006	4.64127533451169	0.464046172575962
GO:0045786.concat.fa	0.540559912302892	0.617126233240577	0.479506400140277	1.6358312378784	46.9735119885879	27.5208737177176	13.6057149780089	0.453567297166134
GO:0045814.concat.fa	0.514925882332873	0.562842229159204	0.463140533569618	0.583097873701448	72.944284136174	52.0189210369089	33.2571240491873	0.449589065049894
GO:0045860.concat.fa	0.512966071519406	0.57402716313139	0.476700271281912	1.59385218983672	35.2981132228806	21.1774478921618	10.7521057191536	0.447160298116199
GO:0045892.concat.fa	0.539837686053706	0.599824939318505	0.477177217397262	1.13520133258707	55.8200059073216	38.3832959733713	24.0885762530919	0.459467626663583
GO:0045893.concat.fa	0.537100442263098	0.591398089892979	0.476882694653145	1.0869411564578	44.2225234157478	31.2004695305269	20.6911396426337	0.454906493305926
GO:0045944.concat.fa	0.542603154591262	0.600965394878732	0.477938716123305	1.07817379309115	44.6761598494947	31.8692819450765	21.9974737114487	0.460092628639106
GO:0046330.concat.fa	0.551863377046751	0.663591909313181	0.479063734703318	1.27618311117753	20.9997452797148	12.2587332904372	5.93264533185363	0.478529094314159
GO:0046474.concat.fa	0.529269964669635	0.624624285294583	0.482618294497993	1.98154895225555	28.9780256430101	24.0407655261465	19.9535047958487	0.475234611753957
GO:0046627.concat.fa	0.519232353183428	0.598319743019521	0.478347490989998	1.13603838893007	23.6113556144494	18.5693138483667	14.7104652917255	0.460912782200742
GO:0046718.concat.fa	0.517330807568275	0.581997158514309	0.476073086962495	0.879265147602764	44.6298038512569	29.0683430287258	15.4151452488842	0.455191245353128
GO:0046777.concat.fa	0.5246196844505	0.596328907144939	0.481866770895248	1.23952127937158	29.5356522153371	21.5200642307444	14.6977456191648	0.457735866008401
GO:0048010.concat.fa	0.519202749140893	0.612453608247423	0.483733291787586	1.4389046556701	125.129224122739	77.9230641737355	35.7413139724715	0.458165592256541
GO:0048011.concat.fa	0.537214055809409	0.6262070006035	0.479074471196023	1.24050203262558	46.8774867298293	33.8176665739146	23.4464070019655	0.46104277276887
GO:0048013.concat.fa	0.532788576616731	0.628946390986753	0.477728328758894	1.11413539061533	61.9601564130016	42.0820877082902	26.4730331231574	0.457022515066933
GO:0048015.concat.fa	0.536064434068842	0.610587064204963	0.47328761302495	0.994749441564892	38.1980534417779	23.8398918589498	11.905972996542	0.459439775936057
GO:0048146.concat.fa	0.525359989088287	0.576459928684164	0.476285411339792	1.10840578418191	37.6894583047105	23.187479353913	16.0548518446386	0.447356621617353
GO:0048167.concat.fa	0.543638522900421	0.644091153535897	0.483559221254475	1.14918488168863	21.9904251252198	15.0365697211674	10.8009916675596	0.457849671655117
GO:0048286.concat.fa	0.529336866375305	0.584294022505936	0.468931818314182	1.39802953990158	15.0789484298734	10.8498568862749	6.92743998812372	0.448395729524381
GO:0048468.concat.fa	0.595188284518828	0.706610878661088	0.475722550721048	2.22688588702929	14.4511037629096	7.83262373860677	3.87195339324901	0.476554871205359
GO:0048469.concat.fa	0.580466321243523	0.692953367875648	0.48737099242401	2.28487932124352	13.9775871337718	8.82843367875413	5.08017253343784	0.494868275589498
GO:0048511.concat.fa	0.515081967213115	0.567839046199702	0.480686449341469	0.532235263785395	77.4757052895482	56.3382079255186	39.0456300639361	0.448344438247038
GO:0048536.concat.fa	0.511192755619929	0.548274278447027	0.468260429556966	0.617471046031017	40.1407787268881	26.719361978977	14.4082794149481	0.434407506851078
GO:0048538.concat.fa	0.536098103291446	0.591584408584038	0.475954122644689	1.00390288379111	42.1582284816571	24.9229812862637	11.9990619432721	0.456823115095852
GO:0048545.concat.fa	0.552349067131922	0.644881407082567	0.470764037916638	1.68595967414427	48.6833848670245	25.044007828813	10.379078552819	0.492664345646819
GO:0048565.concat.fa	0.545071142171763	0.587072302616196	0.473792708679812	1.45749769816321	12.4604869039632	9.92096938046927	7.91398696032052	0.450436626526508
GO:0048661.concat.fa	0.539080719175506	0.61126156623787	0.464323186070314	1.41055753404047	29.022421289649	16.5296523860885	7.46865474032591	0.457524798455963
GO:0048666.concat.fa	0.557750604235795	0.645170210151161	0.474020242409097	1.6385642761415	32.8753736788642	21.8883330305945	14.0445934419484	0.45237588918731
GO:0048704.concat.fa	0.589844273361572	0.671118943820919	0.483039340986528	1.08396093435983	6.02624721121074	5.95824972532036	6.38428743373684	0.477180320587669
GO:0048705.concat.fa	0.547576619668407	0.586019320348892	0.475397054704335	1.14510459874324	22.5438730639593	22.6262278851549	23.3457220677626	0.461602570004095
GO:0048706.concat.fa	0.567559916965465	0.639932062653331	0.491425675005081	2.27350412022483	21.8077209138618	14.2398326518021	8.11834760779561	0.48156968023089
GO:0048812.concat.fa	0.522057972133236	0.581844146821568	0.473141187221784	0.866124009111617	71.4685304477717	42.6750610658281	16.2372811545825	0.442451721052367
GO:0048813.concat.fa	0.529402300018631	0.586631776840608	0.457009855611757	1.12930944016409	22.6160384808841	17.0921717379554	14.1153528733296	0.441684154982556
GO:0048839.concat.fa	0.542866309180072	0.622026673999725	0.471329764807741	1.95618367111233	12.944204401194	7.80537858037484	3.97518519736939	0.451763000207933
GO:0050679.concat.fa	0.553483029291907	0.643382654596176	0.468513539429994	2.22971002926456	26.1920260530341	17.3350122167225	11.4273508439778	0.465170321786922
GO:0050680.concat.fa	0.51764500349406	0.571155506227648	0.460836352785711	0.991389980268837	41.5498937358586	33.7704919479365	29.2575912398774	0.440748991500527
GO:0050727.concat.fa	0.522821344669426	0.590054815974941	0.463332354379106	1.8939148898087	25.8973862363185	15.7606135123403	11.5138092418238	0.448349171617909
GO:0050728.concat.fa	0.55071069246092	0.64916945204092	0.479300837602467	1.63056522566888	18.3786241182678	12.650958013772	9.67648892098873	0.47438015569231
GO:0050729.concat.fa	0.510662957811776	0.605997549436021	0.460434851771146	1.48697739621553	40.6587944969871	18.7934185823338	6.61275136175143	0.468887314337299
GO:0050731.concat.fa	0.532996388922449	0.612701864604728	0.476117144848244	1.18178680247113	24.6996327923421	15.8019447236135	9.42747549258226	0.460672644629311
GO:0050776.concat.fa	0.549256515775034	0.642995884773663	0.470621593883724	2.20649982490993	15.8194974211292	9.73217353884881	7.39388020668866	0.482022764982839
GO:0050790.concat.fa	0.523149163195206	0.57791602718702	0.480532833426465	1.12260781352774	50.9122292225288	41.487799491942	35.6114751337939	0.453198614055142
GO:0050796.concat.fa	0.538151189127973	0.655683748584372	0.472194562850703	1.48607885050963	20.855840673621	15.2250373439614	12.658140318924	0.459148873386505
GO:0050821.concat.fa	0.528498317826654	0.583851135877963	0.475877525967112	0.940124708222376	67.4522402927185	46.7186333578516	27.4471811956636	0.457951807474019
GO:0050830.concat.fa	0.543309782013364	0.638268156424581	0.468641656667195	1.41842514349424	29.5065208473108	16.2566619642086	7.53036832630655	0.470527619279562
GO:0050852.concat.fa	0.523007923655677	0.595078563633119	0.467616333668301	1.12866751677577	98.3586953800009	58.2665903942001	30.0438117681124	0.452117045891151
GO:0050877.concat.fa	0.515127818428941	0.611517622744791	0.46457994502795	1.43612636165577	4.63863714179747	2.965320377633	2.69783470248091	0.445503420920972
GO:0050885.concat.fa	0.556856024188717	0.643627471470969	0.489213933457154	1.78472194540818	20.8321153054687	17.2503719729717	16.5889369869912	0.465239325041169
GO:0050896.concat.fa	0.504177777777778	0.537269841269841	0.46686777861261	1.68647168507937	9.76189043297829	10.7032338358537	12.5734983907014	0.421628231826941
GO:0050900.concat.fa	0.525812062364955	0.593668468759246	0.473588934015503	1.78683397250164	17.1027039645924	12.6163438355943	9.35291146589076	0.458043512172869
GO:0050907.concat.fa	0.469682790667656	0.588047371648004	0.413368445624581	1.61493012690546	2.25269214931237	0.513444224239156	0.379155528364483	0.447136689333355
GO:0050909.concat.fa	0.490004887585533	0.616715542521994	0.445223342537312	2.52618370120179	11.4019588890317	3.82962495703251	1.70362520211046	0.517005324748319
GO:0050911.concat.fa	0.469035132424746	0.582709980765121	0.412803200398939	1.53762227791404	1.61273957184231	0.346441749032766	0.314532257374532	0.386132415110759
GO:0051028.concat.fa	0.48861038536904	0.496390084153082	0.466306551372384	0.373948594204009	74.5424223316533	62.0421711175538	50.7128383454346	0.433571391031828
GO:0051056.concat.fa	0.527017251642283	0.594408898355982	0.476353949899089	1.35012206250951	22.7786914720929	20.2528413242593	18.5544556592563	0.450478807325042
GO:0051091.concat.fa	0.545449921155705	0.624955491123658	0.468725116512226	1.16503863235141	32.3575044626421	22.9700350832876	15.8486358934135	0.455034078321812
GO:0051092.concat.fa	0.537874339401057	0.627601220228291	0.474820000484637	1.47037712250262	91.4955862484177	57.3527740371153	34.5936124890258	0.464677157453625
GO:0051216.concat.fa	0.556265025188724	0.615829849786394	0.46956544290143	1.38534220221416	46.8926420550711	28.5937103860689	14.3674810427182	0.46168312608686
GO:0051259.concat.fa	0.520844564240791	0.597735849056604	0.476825714033671	1.1297958328841	42.0528583493952	33.1602734194247	27.4051655103595	0.467740654207407
GO:0051260.concat.fa	0.544699265844952	0.641968074358456	0.474197929068313	1.48976613716796	30.4708644150827	22.8575920153335	18.7658961817374	0.465801639386898
GO:0051289.concat.fa	0.513325389732896	0.582156687518618	0.474925099084171	1.33846102770331	44.5817555204206	27.5649529750038	14.2922118102899	0.448055196205332
GO:0051291.concat.fa	0.52651536536254	0.621859651103709	0.483707171887625	0.943408484951539	38.8742701583001	26.4055820960673	19.6563357618891	0.466470837927119
GO:0051301.concat.fa	0.475714952508774	0.492028590538372	0.470120227884667	0.460298606957715	98.0086305807078	69.3900890240585	42.0695199579197	0.428614418333416
GO:0051384.concat.fa	0.542179163156417	0.638388093232238	0.473499179248456	1.57937701488346	32.4341468784262	18.6625700458319	11.4159765057872	0.465773962035059
GO:0051402.concat.fa	0.498930315958697	0.53585605639028	0.471073318990541	0.855224871081432	63.3388029415329	39.0094077797858	16.6091967106003	0.438821982010127
GO:0051403.concat.fa	0.531079870443112	0.603990076493694	0.473801280802441	0.896938598304734	145.025303040257	93.2953384255538	47.2063090589312	0.459581838445811
GO:0051436.concat.fa	0.485143043729435	0.522191244066009	0.473721929511245	0.310373934721743	288.762753299682	188.742553954779	89.4163402208134	0.439772086150263
GO:0051437.concat.fa	0.483927039595467	0.521028037383178	0.474343867777838	0.328367112823865	254.007221185681	171.758615515662	90.138771423362	0.43787931006202
GO:0051439.concat.fa	0.482159340484451	0.516662953178216	0.473904507559263	0.346200571927104	255.205565423045	171.644634606589	88.6650771194319	0.435292015598915
GO:0051591.concat.fa	0.573414952248727	0.659188438722706	0.482196894162794	1.50862456455888	22.7934820790417	19.9327170866974	18.6657409460241	0.487992252793583
GO:0051592.concat.fa	0.513024120039265	0.587452671434581	0.470223244456857	0.769641094341607	54.7936399478657	38.4261647557757	26.4619938155319	0.440906836738952
GO:0051603.concat.fa	0.516490929101431	0.570934071786133	0.468978254721248	0.697451451230039	102.622532505235	65.0701779530832	29.2762983992878	0.459558303873458
GO:0051607.concat.fa	0.50356565720162	0.569804193162501	0.466540721360287	1.47932297435504	40.4338211607389	22.3176364462054	11.9368875468742	0.449690741267239
GO:0051726.concat.fa	0.508768653984154	0.541101006106937	0.475820411325368	0.559757359312218	82.5778843106507	58.6318361228379	37.8982638256664	0.451162613865429
GO:0051865.concat.fa	0.481806316888541	0.495184025058731	0.462099915325995	0.455212497032993	62.6344452376837	51.8127984013482	47.2548627581852	0.425470201976103
GO:0051897.concat.fa	0.534641478074606	0.611382148767435	0.476874937159327	1.41045001182058	44.0620129892036	27.1621355425689	13.5179606049874	0.457195351186611
GO:0051965.concat.fa	0.540249742377402	0.643230587379524	0.45699087227226	1.85868278780909	9.65211829408641	5.87250898810645	3.20112005376285	0.464786761017409
GO:0055085.concat.fa	0.521916265639456	0.618288173906894	0.469500880965174	1.64963389865082	26.4383887334008	18.217319208478	13.2342414341969	0.454084236784858
GO:0055086.concat.fa	0.517987421383648	0.571233671988389	0.468588642752295	0.870454374455733	66.4653139832859	40.6273596224518	17.6589252190041	0.454066108701718
GO:0055088.concat.fa	0.524802433339019	0.592955824663142	0.471673681685349	0.726395829779976	41.0666755853273	24.7104244801297	11.5294451708051	0.43770147316565
GO:0055114.concat.fa	0.53153784890897	0.60766610338745	0.467861566446075	1.25497604321412	46.23506761208	30.1827100677115	18.1165982281226	0.458599609635149
GO:0060021.concat.fa	0.545739517092335	0.612072001159973	0.478318693575117	1.50828832570375	25.9984750068239	17.6851477650028	11.3523904559132	0.453733765583401
GO:0060041.concat.fa	0.528025707083299	0.591373722263775	0.484032708168832	1.34425488808785	26.3057052849625	19.2009162996337	14.3660502624964	0.463100663485142
GO:0060048.concat.fa	0.531526444569923	0.631430354542483	0.485603439608727	1.81547760111742	19.0700330092445	17.84468266946	17.127691859967	0.459441993598706
GO:0060070.concat.fa	0.551255600708555	0.632822757111597	0.484515939379253	1.27377635564084	13.069982585361	11.3897757977539	10.662992846362	0.459353474309349
GO:0060271.concat.fa	0.469013808750533	0.483536606433335	0.458798481833536	0.719783927028988	44.662313943953	44.2357901741395	44.4679967344568	0.420654063873328
GO:0060291.concat.fa	0.533915379449295	0.64808596373405	0.46975573734057	1.38328463671059	13.1384334178869	10.9323068857025	10.9242011151333	0.452844223430261
GO:0060326.concat.fa	0.510008789277082	0.584212261041529	0.46411101788798	1.30829761700725	25.1455944282276	15.5625785852803	8.3104340284605	0.460886632259469
GO:0060333.concat.fa	0.528739292424291	0.625131356876731	0.465574714328342	1.64006474222208	23.9324580428526	16.0460947019444	10.7821428543793	0.458214013196482
GO:0060337.concat.fa	0.525411682507559	0.626251310035777	0.465908951233752	1.2428362256514	26.825326346356	16.5788867318993	10.5943958194471	0.477780128172528
GO:0060348.concat.fa	0.551736484067311	0.627141161173611	0.478048558634893	1.1965621431398	70.5415880567223	49.5272296830643	30.6741917686072	0.472335390784066
GO:0060395.concat.fa	0.573933659889508	0.673018855264041	0.469794058380484	2.0157947040934	13.5033649551382	8.72386283182691	6.25557947671283	0.459592311964402
GO:0060548.concat.fa	0.556580906729275	0.654155933087684	0.472748651933362	1.19687329050771	42.9939623779633	27.1376742891047	14.742193194376	0.467415973585615
GO:0061024.concat.fa	0.494323355284286	0.544062475206003	0.47183782407311	0.597241753658177	127.519145281553	86.6746441037893	48.6849417298988	0.431828952108254
GO:0061025.concat.fa	0.489807766739775	0.533027996387563	0.46745126270255	0.562492323571152	63.489996628782	47.1466546596197	32.2746686609362	0.428457895130161
GO:0061136.concat.fa	0.487855816831683	0.513180693069307	0.475109807562337	0.523566492201956	101.727689736649	62.1497708889373	34.5244596373533	0.441567716264342
GO:0070098.concat.fa	0.531576340890985	0.683935146308378	0.455923619794366	1.43919359586577	7.64534915794264	2.13873910314357	0.973222715968645	0.473584789162672
GO:0070124.concat.fa	0.50876002574943	0.542564852027768	0.474770501492128	0.473549532856621	91.4122350170125	61.8701574671238	33.0628512619096	0.448708690814883
GO:0070125.concat.fa	0.514187698248517	0.554044269755896	0.475230800452548	0.437319393876707	97.5193055766176	65.674222129324	34.6058232630606	0.45065598429677
GO:0070126.concat.fa	0.506978466925939	0.541289964139603	0.472985024887363	0.430841365725542	87.7510906235897	59.3189178747127	31.5692880803299	0.445405739589409
GO:0070301.concat.fa	0.514666265709381	0.542720745780551	0.473577997921067	0.550566139157238	64.488256307555	42.5763282690737	24.4822942129087	0.453354485930975
GO:0070373.concat.fa	0.53423191411084	0.613431887354092	0.473536156340246	1.92677880865581	32.3325028615143	21.5998664777107	13.2581851033324	0.458446985704904
GO:0070374.concat.fa	0.538838876873015	0.642719354650143	0.468513302034429	1.87217223066581	26.1714111241697	14.7885644091343	7.91098038883714	0.465412045619097
GO:0070527.concat.fa	0.554048668709059	0.657662299093941	0.474266635487307	0.643382814659842	102.564265997646	64.0247556574674	30.6369124371322	0.485457769562943
GO:0070588.concat.fa	0.534968590944353	0.656780382585003	0.478749898855354	1.77099428534938	9.51199902020375	8.13561057634021	7.93877022683771	0.466512264609916
GO:0070830.concat.fa	0.508170552404957	0.53564377231674	0.47195137099028	0.674304784709095	22.3012001370159	17.4492048156977	13.0150349621849	0.440146628528656
GO:0070936.concat.fa	0.478102713827598	0.486287273249414	0.462865454393794	0.448290119565761	82.281732767952	60.8291030920124	40.7751181545887	0.42307572072045
GO:0071222.concat.fa	0.529436560348461	0.608481827882031	0.467538646139596	1.48356310620606	28.0268865897133	16.7624555248667	9.98782156585261	0.463342952154244
GO:0071230.concat.fa	0.55706425529879	0.563398880436343	0.468844728864938	1.26348615472944	32.3234866130085	28.1150882779987	26.9871573004103	0.44900882950488
GO:0071260.concat.fa	0.541095954624291	0.623737870904233	0.479554013882312	1.52401837750686	17.6432415168624	9.93070051011128	5.93315652911536	0.470103712463731
GO:0071277.concat.fa	0.525594250967385	0.600589644370739	0.475281965516414	1.97142858669615	22.1476525320204	17.0573883619109	13.0138507751987	0.447155736180084
GO:0071300.concat.fa	0.54320179029529	0.613230718847224	0.484388999879486	1.463157819894	37.4428570401321	24.2394816153666	14.7419409033851	0.462671745906016
GO:0071320.concat.fa	0.510444216548821	0.571031467587845	0.473794789517916	1.45114601122686	15.2296899561628	14.411307847017	14.3615207672345	0.437233760750599
GO:0071333.concat.fa	0.559503621616648	0.663327680719328	0.490693715106959	0.877327377055645	30.7867814259936	19.1030038946022	8.79969607498078	0.477628093303763
GO:0071346.concat.fa	0.52587373167982	0.613979706877114	0.466397094858357	1.63566977215501	61.1162967082367	33.0892514736027	14.114790392616	0.464006612497131
GO:0071347.concat.fa	0.555291287350666	0.640982530960387	0.472050605031888	1.39700005740999	31.5146016025797	18.3209162406347	8.83693471429101	0.47714884874269
GO:0071356.concat.fa	0.531219036295178	0.594365939543605	0.474911881568829	1.31121556817651	25.7562916695218	19.0247895157955	14.7655558765749	0.475538165742627
GO:0071363.concat.fa	0.562491604694045	0.675751914129758	0.485807117358322	2.11492462541671	27.5810230307098	17.476851919002	9.17928479963445	0.482840687323438
GO:0071407.concat.fa	0.535033823620679	0.608399606351571	0.473753239971929	1.24962472271724	39.5770937406641	26.1989660687046	15.4028946926192	0.462485757454948
GO:0071456.concat.fa	0.546558704453441	0.625418060200669	0.475077766855775	1.25423036089982	98.9743843432351	63.898180642677	39.4111523530567	0.459570502220031
GO:0071560.concat.fa	0.528008591939404	0.558724775309479	0.468543283527501	1.43180963016084	61.5229779018169	36.4200156778063	15.5068022928979	0.442929399083337
GO:0071805.concat.fa	0.560439170343324	0.694157918758558	0.47639667974078	2.06747333250835	6.11721706411294	4.44285684303976	3.85864007532858	0.470012431633629
GO:0072659.concat.fa	0.488100673667684	0.51957321029486	0.468908308846016	1.24730688148821	19.1514966558196	17.2796837099902	17.7463912369502	0.416250689381056
GO:0090090.concat.fa	0.541782237756981	0.606471981057616	0.475426210218099	1.0471511329502	88.0300349793297	59.5573113962003	35.620935537425	0.45595896018151
GO:0090263.concat.fa	0.518678372106489	0.563157261782273	0.477030214318552	0.883878208287881	107.941731856201	76.399655805054	48.6767941061459	0.443232869549983
GO:0090305.concat.fa	0.47620628413033	0.491141974120231	0.462141163363984	0.670204141170482	47.9149214306445	32.6441155660245	30.2464224727785	0.42377803490013
GO:0090502.concat.fa	0.503356511288523	0.546794229334402	0.471515000284065	1.19396545117429	47.8672207888806	31.662984302392	16.7235741683447	0.441537671609087
GO:0090630.concat.fa	0.518253345538555	0.575454426572512	0.477430899930291	1.06258378449065	31.3736432222962	21.9774960329883	13.2480438905777	0.45225138712383
GO:0097190.concat.fa	0.532070885805478	0.608311854809631	0.48089116025765	1.40255186418911	67.5311008636525	46.9175149299385	30.4083619736914	0.459467415994462
GO:0097191.concat.fa	0.53202417640173	0.613416469576435	0.473414249131197	1.49440953558375	38.0316699316611	19.1860025911164	7.62476425453954	0.453725554683423
GO:0097192.concat.fa	0.539984458337749	0.604270424923175	0.47601110727979	1.16568560453534	21.2303257301695	13.5530124937579	8.56658355811914	0.455528370831279
GO:0097193.concat.fa	0.502462632232644	0.563578739988865	0.482722323830016	0.811396063205418	77.9375963820471	68.1221849320758	63.156802500183	0.455672304955519
GO:0098655.concat.fa	0.545134388221771	0.68634596101641	0.482876636025667	1.71344094255179	8.32678579852184	5.23370924600742	3.65221433089796	0.483551346180238
GO:0098656.concat.fa	0.543004905870127	0.652396142971072	0.474202143420447	1.62109099543247	11.7534899644667	7.98036880368132	6.39893735424291	0.466841137000366
GO:0098779.concat.fa	0.52804595459337	0.589139187250108	0.461924033698748	1.11398332560655	40.1524335805377	30.7441081993992	25.1452860629521	0.44586465738235
GO:1900034.concat.fa	0.48369029108358	0.48557957566334	0.473245430210554	0.263251147782181	185.682088233193	133.437036739301	81.013631093634	0.427703139595795
GO:1901215.concat.fa	0.513634278781422	0.580540636512939	0.480876387522741	1.13207357627946	42.9785916871044	25.1263988561647	10.2401548177607	0.44759767116978
GO:1902476.concat.fa	0.52468750175877	0.624546237357962	0.465717571100675	1.83257487407256	8.42015693445505	6.96479817143053	6.73252514830776	0.46603141374051
GO:1902600.concat.fa	0.502609564974492	0.577564716457281	0.465242244119678	0.763071174031931	41.5904388518667	31.2448523807114	21.6249411441805	0.443093727475355
GO:1903955.concat.fa	0.537085144091869	0.607686518245163	0.481096237280558	0.735938061132827	80.8576815967654	52.0007483678501	26.5612690515073	0.461754680042869
